normalized_url,normalized_path,route_family,last_crawled,gsc_submitted,gsc_indexed,indexed_not_submitted,variant_count,clicks,impressions,ctr,position,source_file_exists,current_http_status,current_canonical,target_pillar_id,target_topic,search_intent,migration_action,target_url,redirect_required,evidence_status,publication_status,notes
https://www.mcpserver.in/,/,/,2026-08-15,True,True,False,1,0.0,1.0,0.0,10.0,,,,,,,UNRESOLVED,,,,,
https://www.mcpserver.in/about,/about,/about,2026-08-16,True,True,False,2,0.0,1.0,0.0,10.0,,,,,,,UNRESOLVED,,,,,
https://www.mcpserver.in/best/mcp-servers,/best/mcp-servers,/best,2026-08-06,True,True,False,1,0.0,11.0,0.0,49.91,,,,,,,UNRESOLVED,,,,,
https://www.mcpserver.in/best/mcp-servers-for-developers,/best/mcp-servers-for-developers,/best,2026-08-06,True,True,False,1,0.0,2.0,0.0,1.0,,,,,,,UNRESOLVED,,,,,
https://www.mcpserver.in/blog,/blog,/blog,2026-08-16,True,True,False,2,0.0,0.0,0.0,0.0,,,,,,,UNRESOLVED,,,,,
https://www.mcpserver.in/blog/aajtak-mcp-india,/blog/aajtak-mcp-india,/blog,2026-08-09,True,True,True,2,0.0,2.0,0.0,5.0,,,,,,,UNRESOLVED,,,,,
https://www.mcpserver.in/blog/aiims-mcp-india,/blog/aiims-mcp-india,/blog,2026-08-08,True,True,True,2,0.0,0.0,0.0,0.0,,,,,,,UNRESOLVED,,,,,
https://www.mcpserver.in/blog/airtel-mcp-india,/blog/airtel-mcp-india,/blog,2026-08-10,True,True,True,2,0.0,0.0,0.0,0.0,,,,,,,UNRESOLVED,,,,,
https://www.mcpserver.in/blog/amazon-india-mcp,/blog/amazon-india-mcp,/blog,2026-08-09,True,True,True,2,0.0,9.0,0.0,14.553333333333333,,,,,,,UNRESOLVED,,,,,
https://www.mcpserver.in/blog/angel-broking-mcp-india,/blog/angel-broking-mcp-india,/blog,2026-08-09,True,True,True,2,0.0,6.0,0.0,7.0,,,,,,,UNRESOLVED,,,,,
https://www.mcpserver.in/blog/apollo-mcp-india,/blog/apollo-mcp-india,/blog,2026-08-08,True,True,True,2,0.0,0.0,0.0,0.0,,,,,,,UNRESOLVED,,,,,
https://www.mcpserver.in/blog/aubank-mcp-india,/blog/aubank-mcp-india,/blog,2026-08-03,True,True,False,1,0.0,3.0,0.0,2.67,,,,,,,UNRESOLVED,,,,,
https://www.mcpserver.in/blog/axis-bank-mcp-india,/blog/axis-bank-mcp-india,/blog,2026-08-08,True,True,False,1,0.0,0.0,0.0,0.0,,,,,,,UNRESOLVED,,,,,
https://www.mcpserver.in/blog/axis-bank-mcp-server,/blog/axis-bank-mcp-server,/blog,2026-08-09,True,True,True,2,0.0,1.0,0.0,7.0,,,,,,,UNRESOLVED,,,,,
https://www.mcpserver.in/blog/best-mcp-server-tutorials,/blog/best-mcp-server-tutorials,/blog,2026-08-09,True,True,False,1,0.0,0.0,0.0,0.0,,,,,,,UNRESOLVED,,,,,
https://www.mcpserver.in/blog/bigbasket-mcp-india,/blog/bigbasket-mcp-india,/blog,2026-08-09,True,True,True,2,0.0,0.0,0.0,0.0,,,,,,,UNRESOLVED,,,,,
https://www.mcpserver.in/blog/billdesk-mcp-india,/blog/billdesk-mcp-india,/blog,2026-08-09,True,True,True,2,0.0,0.0,0.0,0.0,,,,,,,UNRESOLVED,,,,,
https://www.mcpserver.in/blog/blinkit-mcp-india,/blog/blinkit-mcp-india,/blog,2026-08-09,True,True,True,2,0.0,10.0,0.0,2.9,,,,,,,UNRESOLVED,,,,,
https://www.mcpserver.in/blog/bse-mcp-server-india,/blog/bse-mcp-server-india,/blog,2026-08-09,False,True,True,1,0.0,1.0,0.0,13.0,,,,,,,UNRESOLVED,,,,,
https://www.mcpserver.in/blog/canara-bank-mcp-india,/blog/canara-bank-mcp-india,/blog,2026-08-04,True,True,False,1,0.0,1.0,0.0,11.0,,,,,,,UNRESOLVED,,,,,
https://www.mcpserver.in/blog/chromadb-mcp-server-open-source,/blog/chromadb-mcp-server-open-source,/blog,2026-08-03,True,True,False,1,0.0,0.0,0.0,0.0,,,,,,,UNRESOLVED,,,,,
https://www.mcpserver.in/blog/cluster/getting-started,/blog/cluster/getting-started,/blog,2026-08-03,False,True,True,1,0.0,0.0,0.0,0.0,,,,,,,UNRESOLVED,,,,,
https://www.mcpserver.in/blog/cluster/integrations-tools,/blog/cluster/integrations-tools,/blog,2026-08-09,False,True,True,1,0.0,0.0,0.0,0.0,,,,,,,UNRESOLVED,,,,,
https://www.mcpserver.in/blog/cluster/security-production,/blog/cluster/security-production,/blog,2026-08-03,False,True,True,1,0.0,0.0,0.0,0.0,,,,,,,UNRESOLVED,,,,,
https://www.mcpserver.in/blog/cluster/ugc-community-hub,/blog/cluster/ugc-community-hub,/blog,2026-07-27,False,True,True,1,0.0,0.0,0.0,0.0,,,,,,,UNRESOLVED,,,,,
https://www.mcpserver.in/blog/delhivery-mcp-india,/blog/delhivery-mcp-india,/blog,2026-08-08,True,True,True,2,0.0,7.0,0.0,7.0,,,,,,,UNRESOLVED,,,,,
https://www.mcpserver.in/blog/dhan-mcp-fo-trading,/blog/dhan-mcp-fo-trading,/blog,2026-08-09,True,True,True,2,0.0,48.0,0.0,9.183958333333335,,,,,,,UNRESOLVED,,,,,
https://www.mcpserver.in/blog/dhl-india-mcp,/blog/dhl-india-mcp,/blog,2026-08-08,True,True,True,2,0.0,1.0,0.0,8.0,,,,,,,UNRESOLVED,,,,,
https://www.mcpserver.in/blog/dunzo-mcp-india,/blog/dunzo-mcp-india,/blog,2026-08-10,True,True,True,2,0.0,0.0,0.0,0.0,,,,,,,UNRESOLVED,,,,,
https://www.mcpserver.in/blog/ecom-express-mcp-india,/blog/ecom-express-mcp-india,/blog,2026-08-08,True,True,True,2,0.0,0.0,0.0,0.0,,,,,,,UNRESOLVED,,,,,
https://www.mcpserver.in/blog/federal-bank-mcp-kerala,/blog/federal-bank-mcp-kerala,/blog,2026-08-08,True,True,True,2,0.0,0.0,0.0,0.0,,,,,,,UNRESOLVED,,,,,
https://www.mcpserver.in/blog/fedex-india-mcp,/blog/fedex-india-mcp,/blog,2026-08-08,True,True,True,2,0.0,0.0,0.0,0.0,,,,,,,UNRESOLVED,,,,,
https://www.mcpserver.in/blog/fivepaisa-mcp-india,/blog/fivepaisa-mcp-india,/blog,2026-08-09,True,True,True,2,0.0,1.0,0.0,9.0,,,,,,,UNRESOLVED,,,,,
https://www.mcpserver.in/blog/flipkart-mcp-india,/blog/flipkart-mcp-india,/blog,2026-08-10,True,True,True,2,1.0,4.0,0.25,4.5,,,,,,,UNRESOLVED,,,,,
https://www.mcpserver.in/blog/fortis-mcp-india,/blog/fortis-mcp-india,/blog,2026-08-08,True,True,True,2,0.0,0.0,0.0,0.0,,,,,,,UNRESOLVED,,,,,
https://www.mcpserver.in/blog/goibibo-mcp-india,/blog/goibibo-mcp-india,/blog,2026-08-09,True,True,True,2,0.0,6.0,0.0,12.333333333333334,,,,,,,UNRESOLVED,,,,,
https://www.mcpserver.in/blog/google-pay-mcp-india,/blog/google-pay-mcp-india,/blog,2026-08-12,True,True,True,2,0.0,2.0,0.0,8.0,,,,,,,UNRESOLVED,,,,,
https://www.mcpserver.in/blog/groww-mcp-investments,/blog/groww-mcp-investments,/blog,2026-08-11,True,True,True,2,0.0,11.0,0.0,8.82090909090909,,,,,,,UNRESOLVED,,,,,
https://www.mcpserver.in/blog/hcl-mcp-india,/blog/hcl-mcp-india,/blog,2026-08-09,True,True,True,2,0.0,1.0,0.0,9.0,,,,,,,UNRESOLVED,,,,,
https://www.mcpserver.in/blog/hdfc-bank-mcp-india,/blog/hdfc-bank-mcp-india,/blog,2026-08-09,True,True,True,2,2.0,5.0,0.4,2.602,,,,,,,UNRESOLVED,,,,,
https://www.mcpserver.in/blog/hdfc-ergo-mcp,/blog/hdfc-ergo-mcp,/blog,2026-08-12,True,True,True,2,0.0,3.0,0.0,11.0,,,,,,,UNRESOLVED,,,,,
https://www.mcpserver.in/blog/hotstar-mcp-india,/blog/hotstar-mcp-india,/blog,2026-08-07,True,True,False,1,0.0,1.0,0.0,10.0,,,,,,,UNRESOLVED,,,,,
https://www.mcpserver.in/blog/how-to-build-mcp-server-for-elasticsearch,/blog/how-to-build-mcp-server-for-elasticsearch,/blog,2026-08-03,True,True,False,1,0.0,0.0,0.0,0.0,,,,,,,UNRESOLVED,,,,,
https://www.mcpserver.in/blog/how-to-build-mcp-server-for-postgresql,/blog/how-to-build-mcp-server-for-postgresql,/blog,2026-08-03,True,True,False,1,0.0,0.0,0.0,0.0,,,,,,,UNRESOLVED,,,,,
https://www.mcpserver.in/blog/how-to-create-mcp-server-for-github,/blog/how-to-create-mcp-server-for-github,/blog,2026-08-09,True,True,True,2,0.0,0.0,0.0,0.0,,,,,,,UNRESOLVED,,,,,
https://www.mcpserver.in/blog/how-to-deploy-mcp-server-to-production,/blog/how-to-deploy-mcp-server-to-production,/blog,2026-08-10,True,True,False,1,0.0,0.0,0.0,0.0,,,,,,,UNRESOLVED,,,,,
https://www.mcpserver.in/blog/how-to-migrate-from-rag-to-mcp,/blog/how-to-migrate-from-rag-to-mcp,/blog,2026-08-10,False,True,True,1,0.0,0.0,0.0,0.0,,,,,,,UNRESOLVED,,,,,
https://www.mcpserver.in/blog/icici-bank-mcp-india,/blog/icici-bank-mcp-india,/blog,2026-08-10,True,True,True,2,0.0,6.0,0.0,12.166666666666666,,,,,,,UNRESOLVED,,,,,
https://www.mcpserver.in/blog/idfc-first-mcp-india,/blog/idfc-first-mcp-india,/blog,2026-08-12,True,True,True,2,0.0,3.0,0.0,6.0,,,,,,,UNRESOLVED,,,,,
https://www.mcpserver.in/blog/indian-railways-mcp-india,/blog/indian-railways-mcp-india,/blog,2026-08-12,True,True,True,2,0.0,7.0,0.0,7.145714285714285,,,,,,,UNRESOLVED,,,,,
https://www.mcpserver.in/blog/indusind-mcp-india,/blog/indusind-mcp-india,/blog,2026-08-09,True,True,True,2,0.0,1.0,0.0,13.0,,,,,,,UNRESOLVED,,,,,
https://www.mcpserver.in/blog/infosys-mcp-india,/blog/infosys-mcp-india,/blog,2026-08-09,True,True,True,2,0.0,0.0,0.0,0.0,,,,,,,UNRESOLVED,,,,,
https://www.mcpserver.in/blog/install-configure-first-mcp-server,/blog/install-configure-first-mcp-server,/blog,2026-08-09,True,True,True,2,0.0,0.0,0.0,0.0,,,,,,,UNRESOLVED,,,,,
https://www.mcpserver.in/blog/instamojo-mcp-india,/blog/instamojo-mcp-india,/blog,2026-08-08,True,True,False,1,0.0,0.0,0.0,0.0,,,,,,,UNRESOLVED,,,,,
https://www.mcpserver.in/blog/irctc-mcp-india,/blog/irctc-mcp-india,/blog,2026-08-09,True,True,True,2,1.0,7.0,0.14285714285714285,3.4285714285714284,,,,,,,UNRESOLVED,,,,,
https://www.mcpserver.in/blog/jio-mcp-india,/blog/jio-mcp-india,/blog,2026-08-10,True,True,True,2,1.0,3.0,0.3333333333333333,3.33,,,,,,,UNRESOLVED,,,,,
https://www.mcpserver.in/blog/khatabook-mcp-india,/blog/khatabook-mcp-india,/blog,2026-08-09,True,True,True,2,0.0,1.0,0.0,10.0,,,,,,,UNRESOLVED,,,,,
https://www.mcpserver.in/blog/kmc-mcp-india,/blog/kmc-mcp-india,/blog,2026-08-09,True,True,True,2,0.0,0.0,0.0,0.0,,,,,,,UNRESOLVED,,,,,
https://www.mcpserver.in/blog/makemytrip-mcp-india,/blog/makemytrip-mcp-india,/blog,2026-08-09,True,True,True,2,0.0,8.0,0.0,3.88,,,,,,,UNRESOLVED,,,,,
https://www.mcpserver.in/blog/manipal-mcp-india,/blog/manipal-mcp-india,/blog,2026-08-08,True,True,True,2,0.0,1.0,0.0,4.0,,,,,,,UNRESOLVED,,,,,
https://www.mcpserver.in/blog/matlab-mcp-server-integration-guide,/blog/matlab-mcp-server-integration-guide,/blog,2026-08-09,True,True,False,1,0.0,0.0,0.0,0.0,,,,,,,UNRESOLVED,,,,,
https://www.mcpserver.in/blog/mcp-2026-roadmap,/blog/mcp-2026-roadmap,/blog,2026-08-09,True,True,True,2,0.0,0.0,0.0,0.0,,,,,,,UNRESOLVED,,,,,
https://www.mcpserver.in/blog/mcp-advanced-questions-expert-challenges,/blog/mcp-advanced-questions-expert-challenges,/blog,2026-08-09,True,True,True,2,0.0,0.0,0.0,0.0,,,,,,,UNRESOLVED,,,,,
https://www.mcpserver.in/blog/mcp-advanced-typescript-patterns,/blog/mcp-advanced-typescript-patterns,/blog,2026-08-03,True,True,False,1,0.0,0.0,0.0,0.0,,,,,,,UNRESOLVED,,,,,
https://www.mcpserver.in/blog/mcp-agent-squad,/blog/mcp-agent-squad,/blog,2026-08-03,True,True,False,1,0.0,0.0,0.0,0.0,,,,,,,UNRESOLVED,,,,,
https://www.mcpserver.in/blog/mcp-api-key-authentication,/blog/mcp-api-key-authentication,/blog,2026-08-03,True,True,False,1,0.0,0.0,0.0,0.0,,,,,,,UNRESOLVED,,,,,
https://www.mcpserver.in/blog/mcp-authentication-methods-comparison,/blog/mcp-authentication-methods-comparison,/blog,2026-08-03,True,True,True,2,0.0,0.0,0.0,0.0,,,,,,,UNRESOLVED,,,,,
https://www.mcpserver.in/blog/mcp-automation-strategies,/blog/mcp-automation-strategies,/blog,2026-08-03,True,True,False,1,0.0,0.0,0.0,0.0,,,,,,,UNRESOLVED,,,,,
https://www.mcpserver.in/blog/mcp-beginner-questions-no-question-too-small,/blog/mcp-beginner-questions-no-question-too-small,/blog,2026-08-09,True,True,False,1,0.0,0.0,0.0,0.0,,,,,,,UNRESOLVED,,,,,
https://www.mcpserver.in/blog/mcp-beyond-2026-long-term-vision,/blog/mcp-beyond-2026-long-term-vision,/blog,2026-08-10,True,True,False,1,0.0,0.0,0.0,0.0,,,,,,,UNRESOLVED,,,,,
https://www.mcpserver.in/blog/mcp-books-essentials,/blog/mcp-books-essentials,/blog,2026-08-03,True,True,False,1,0.0,0.0,0.0,0.0,,,,,,,UNRESOLVED,,,,,
https://www.mcpserver.in/blog/mcp-ci-cd-pipeline-setup,/blog/mcp-ci-cd-pipeline-setup,/blog,2026-08-10,True,True,False,1,0.0,0.0,0.0,0.0,,,,,,,UNRESOLVED,,,,,
https://www.mcpserver.in/blog/mcp-cli-tools-guide,/blog/mcp-cli-tools-guide,/blog,2026-08-09,True,True,False,1,0.0,0.0,0.0,0.0,,,,,,,UNRESOLVED,,,,,
https://www.mcpserver.in/blog/mcp-client-libraries,/blog/mcp-client-libraries,/blog,2026-08-09,True,True,True,2,0.0,0.0,0.0,0.0,,,,,,,UNRESOLVED,,,,,
https://www.mcpserver.in/blog/mcp-cloud-deployment-comparison,/blog/mcp-cloud-deployment-comparison,/blog,2026-08-03,True,True,False,1,0.0,0.0,0.0,0.0,,,,,,,UNRESOLVED,,,,,
https://www.mcpserver.in/blog/mcp-coding-standards-style-guides,/blog/mcp-coding-standards-style-guides,/blog,2026-08-03,True,True,False,1,0.0,0.0,0.0,0.0,,,,,,,UNRESOLVED,,,,,
https://www.mcpserver.in/blog/mcp-community-forums,/blog/mcp-community-forums,/blog,2026-08-09,True,True,True,2,0.0,0.0,0.0,0.0,,,,,,,UNRESOLVED,,,,,
https://www.mcpserver.in/blog/mcp-compliance-gdpr-soc2,/blog/mcp-compliance-gdpr-soc2,/blog,2026-08-03,True,True,True,2,0.0,0.0,0.0,0.0,,,,,,,UNRESOLVED,,,,,
https://www.mcpserver.in/blog/mcp-cross-platform-compatibility,/blog/mcp-cross-platform-compatibility,/blog,2026-08-03,True,True,False,1,0.0,0.0,0.0,0.0,,,,,,,UNRESOLVED,,,,,
https://www.mcpserver.in/blog/mcp-cursor-ide-integration,/blog/mcp-cursor-ide-integration,/blog,2026-08-03,True,True,False,1,0.0,0.0,0.0,0.0,,,,,,,UNRESOLVED,,,,,
https://www.mcpserver.in/blog/mcp-database-connection-pooling,/blog/mcp-database-connection-pooling,/blog,2026-08-03,True,True,False,1,0.0,0.0,0.0,0.0,,,,,,,UNRESOLVED,,,,,
https://www.mcpserver.in/blog/mcp-design-patterns-production,/blog/mcp-design-patterns-production,/blog,2026-08-03,True,True,False,1,0.0,0.0,0.0,0.0,,,,,,,UNRESOLVED,,,,,
https://www.mcpserver.in/blog/mcp-development-best-practices,/blog/mcp-development-best-practices,/blog,2026-08-03,True,True,False,1,0.0,0.0,0.0,0.0,,,,,,,UNRESOLVED,,,,,
https://www.mcpserver.in/blog/mcp-devops-automating-server-management,/blog/mcp-devops-automating-server-management,/blog,2026-08-09,True,True,True,2,0.0,0.0,0.0,0.0,,,,,,,UNRESOLVED,,,,,
https://www.mcpserver.in/blog/mcp-documentation-resources,/blog/mcp-documentation-resources,/blog,2026-08-10,True,True,True,2,0.0,0.0,0.0,0.0,,,,,,,UNRESOLVED,,,,,
https://www.mcpserver.in/blog/mcp-enterprise-large-scale-deployment,/blog/mcp-enterprise-large-scale-deployment,/blog,2026-08-03,True,True,False,1,0.0,0.0,0.0,0.0,,,,,,,UNRESOLVED,,,,,
https://www.mcpserver.in/blog/mcp-free-servers-open-source-list,/blog/mcp-free-servers-open-source-list,/blog,2026-08-09,True,True,False,1,0.0,0.0,0.0,0.0,,,,,,,UNRESOLVED,,,,,
https://www.mcpserver.in/blog/mcp-future-predictions-expert-roundup,/blog/mcp-future-predictions-expert-roundup,/blog,2026-08-10,True,True,True,2,0.0,0.0,0.0,0.0,,,,,,,UNRESOLVED,,,,,
https://www.mcpserver.in/blog/mcp-github-repositories,/blog/mcp-github-repositories,/blog,2026-08-09,True,True,True,2,0.0,0.0,0.0,0.0,,,,,,,UNRESOLVED,,,,,
https://www.mcpserver.in/blog/mcp-gitlab-ci-integration,/blog/mcp-gitlab-ci-integration,/blog,2026-08-10,True,True,False,1,0.0,0.0,0.0,0.0,,,,,,,UNRESOLVED,,,,,
https://www.mcpserver.in/blog/mcp-innovations-latest-research,/blog/mcp-innovations-latest-research,/blog,2026-08-10,True,True,True,2,0.0,0.0,0.0,0.0,,,,,,,UNRESOLVED,,,,,
https://www.mcpserver.in/blog/mcp-json-rpc-deep-dive,/blog/mcp-json-rpc-deep-dive,/blog,2026-08-10,True,True,True,2,0.0,1.0,0.0,1.0,,,,,,,UNRESOLVED,,,,,
https://www.mcpserver.in/blog/mcp-microservices-architecture,/blog/mcp-microservices-architecture,/blog,2026-08-03,True,True,False,1,0.0,0.0,0.0,0.0,,,,,,,UNRESOLVED,,,,,
https://www.mcpserver.in/blog/mcp-migration-stories-from-api-to-mcp,/blog/mcp-migration-stories-from-api-to-mcp,/blog,2026-08-09,True,True,True,2,0.0,0.0,0.0,0.0,,,,,,,UNRESOLVED,,,,,
https://www.mcpserver.in/blog/mcp-multi-agent-systems,/blog/mcp-multi-agent-systems,/blog,2026-08-03,True,True,False,1,0.0,0.0,0.0,0.0,,,,,,,UNRESOLVED,,,,,
https://www.mcpserver.in/blog/mcp-nodejs-implementation,/blog/mcp-nodejs-implementation,/blog,2026-08-03,True,True,False,1,0.0,0.0,0.0,0.0,,,,,,,UNRESOLVED,,,,,
https://www.mcpserver.in/blog/mcp-on-reddit,/blog/mcp-on-reddit,/blog,2026-08-09,True,True,False,1,0.0,0.0,0.0,0.0,,,,,,,UNRESOLVED,,,,,
https://www.mcpserver.in/blog/mcp-orchestration-managing-multiple-servers,/blog/mcp-orchestration-managing-multiple-servers,/blog,2026-08-10,True,True,False,1,0.0,0.0,0.0,0.0,,,,,,,UNRESOLVED,,,,,
https://www.mcpserver.in/blog/mcp-policy-as-code,/blog/mcp-policy-as-code,/blog,2026-08-03,True,True,True,2,0.0,1.0,0.0,45.0,,,,,,,UNRESOLVED,,,,,
https://www.mcpserver.in/blog/mcp-pricing-cost-comparison,/blog/mcp-pricing-cost-comparison,/blog,2026-08-03,True,True,False,1,0.0,0.0,0.0,0.0,,,,,,,UNRESOLVED,,,,,
https://www.mcpserver.in/blog/mcp-python-sdk-tutorial,/blog/mcp-python-sdk-tutorial,/blog,2026-08-10,True,True,True,2,0.0,0.0,0.0,0.0,,,,,,,UNRESOLVED,,,,,
https://www.mcpserver.in/blog/mcp-role-based-access-control,/blog/mcp-role-based-access-control,/blog,2026-08-01,True,True,False,1,0.0,3.0,0.0,6.330000000000001,,,,,,,UNRESOLVED,,,,,
https://www.mcpserver.in/blog/mcp-saas-platforms-deployment,/blog/mcp-saas-platforms-deployment,/blog,2026-08-03,True,True,False,1,0.0,0.0,0.0,0.0,,,,,,,UNRESOLVED,,,,,
https://www.mcpserver.in/blog/mcp-security-risk-assessment,/blog/mcp-security-risk-assessment,/blog,2026-08-08,True,True,False,1,0.0,0.0,0.0,0.0,,,,,,,UNRESOLVED,,,,,
https://www.mcpserver.in/blog/mcp-server-accessibility-guide,/blog/mcp-server-accessibility-guide,/blog,2026-08-09,True,True,True,2,0.0,0.0,0.0,0.0,,,,,,,UNRESOLVED,,,,,
https://www.mcpserver.in/blog/mcp-server-advanced-techniques-guide,/blog/mcp-server-advanced-techniques-guide,/blog,2026-08-10,True,True,True,2,0.0,0.0,0.0,0.0,,,,,,,UNRESOLVED,,,,,
https://www.mcpserver.in/blog/mcp-server-alternatives-options-compared,/blog/mcp-server-alternatives-options-compared,/blog,2026-08-09,True,True,True,2,0.0,0.0,0.0,0.0,,,,,,,UNRESOLVED,,,,,
https://www.mcpserver.in/blog/mcp-server-beginner-tutorial-series,/blog/mcp-server-beginner-tutorial-series,/blog,2026-08-10,True,True,True,2,0.0,0.0,0.0,0.0,,,,,,,UNRESOLVED,,,,,
https://www.mcpserver.in/blog/mcp-server-boilerplates-quick-start-collection,/blog/mcp-server-boilerplates-quick-start-collection,/blog,2026-08-09,True,True,True,2,0.0,0.0,0.0,0.0,,,,,,,UNRESOLVED,,,,,
https://www.mcpserver.in/blog/mcp-server-career-guide,/blog/mcp-server-career-guide,/blog,2026-08-09,True,True,True,2,0.0,0.0,0.0,0.0,,,,,,,UNRESOLVED,,,,,
https://www.mcpserver.in/blog/mcp-server-challenges-community-competitions,/blog/mcp-server-challenges-community-competitions,/blog,2026-08-09,True,True,True,2,0.0,0.0,0.0,0.0,,,,,,,UNRESOLVED,,,,,
https://www.mcpserver.in/blog/mcp-server-cheat-sheets,/blog/mcp-server-cheat-sheets,/blog,2026-08-10,True,True,True,2,0.0,0.0,0.0,0.0,,,,,,,UNRESOLVED,,,,,
https://www.mcpserver.in/blog/mcp-server-checklists-deployment-setup,/blog/mcp-server-checklists-deployment-setup,/blog,2026-08-09,True,True,True,2,0.0,0.0,0.0,0.0,,,,,,,UNRESOLVED,,,,,
https://www.mcpserver.in/blog/mcp-server-ci-cd-with-github-actions,/blog/mcp-server-ci-cd-with-github-actions,/blog,2026-08-10,True,True,True,2,0.0,0.0,0.0,0.0,,,,,,,UNRESOLVED,,,,,
https://www.mcpserver.in/blog/mcp-server-code-review-best-practices,/blog/mcp-server-code-review-best-practices,/blog,2026-08-09,True,True,True,2,0.0,0.0,0.0,0.0,,,,,,,UNRESOLVED,,,,,
https://www.mcpserver.in/blog/mcp-server-code-snippets-community-library,/blog/mcp-server-code-snippets-community-library,/blog,2026-08-09,True,True,False,1,1.0,1.0,1.0,8.0,,,,,,,UNRESOLVED,,,,,
https://www.mcpserver.in/blog/mcp-server-community-join-the-conversation,/blog/mcp-server-community-join-the-conversation,/blog,2026-08-03,True,True,False,1,0.0,0.0,0.0,0.0,,,,,,,UNRESOLVED,,,,,
https://www.mcpserver.in/blog/mcp-server-comparison-side-by-side,/blog/mcp-server-comparison-side-by-side,/blog,2026-08-09,True,True,True,2,0.0,0.0,0.0,0.0,,,,,,,UNRESOLVED,,,,,
https://www.mcpserver.in/blog/mcp-server-conferences-event-calendar,/blog/mcp-server-conferences-event-calendar,/blog,2026-08-09,True,True,True,2,0.0,0.0,0.0,0.0,,,,,,,UNRESOLVED,,,,,
https://www.mcpserver.in/blog/mcp-server-configuration-files,/blog/mcp-server-configuration-files,/blog,2026-08-09,True,True,False,1,0.0,2.0,0.0,25.0,,,,,,,UNRESOLVED,,,,,
https://www.mcpserver.in/blog/mcp-server-contributing-to-open-source-mcp,/blog/mcp-server-contributing-to-open-source-mcp,/blog,2026-08-10,True,True,True,2,0.0,0.0,0.0,0.0,,,,,,,UNRESOLVED,,,,,
https://www.mcpserver.in/blog/mcp-server-contributors-hall-of-fame,/blog/mcp-server-contributors-hall-of-fame,/blog,2026-08-09,True,True,True,2,0.0,0.0,0.0,0.0,,,,,,,UNRESOLVED,,,,,
https://www.mcpserver.in/blog/mcp-server-controversies-addressing-concerns,/blog/mcp-server-controversies-addressing-concerns,/blog,2026-08-09,True,True,False,1,0.0,0.0,0.0,0.0,,,,,,,UNRESOLVED,,,,,
https://www.mcpserver.in/blog/mcp-server-debates-hot-topics,/blog/mcp-server-debates-hot-topics,/blog,2026-08-03,True,True,False,1,0.0,0.0,0.0,0.0,,,,,,,UNRESOLVED,,,,,
https://www.mcpserver.in/blog/mcp-server-debugging-techniques,/blog/mcp-server-debugging-techniques,/blog,2026-08-03,True,True,False,1,0.0,0.0,0.0,0.0,,,,,,,UNRESOLVED,,,,,
https://www.mcpserver.in/blog/mcp-server-directory-complete-list,/blog/mcp-server-directory-complete-list,/blog,2026-08-09,True,True,True,2,0.0,1.0,0.0,5.0,,,,,,,UNRESOLVED,,,,,
https://www.mcpserver.in/blog/mcp-server-discord-live-chat-community,/blog/mcp-server-discord-live-chat-community,/blog,2026-08-10,True,True,True,2,0.0,0.0,0.0,0.0,,,,,,,UNRESOLVED,,,,,
https://www.mcpserver.in/blog/mcp-server-diversity-inclusion,/blog/mcp-server-diversity-inclusion,/blog,2026-08-09,True,True,True,2,0.0,0.0,0.0,0.0,,,,,,,UNRESOLVED,,,,,
https://www.mcpserver.in/blog/mcp-server-documentation-community-wiki,/blog/mcp-server-documentation-community-wiki,/blog,2026-08-09,True,True,True,2,0.0,0.0,0.0,0.0,,,,,,,UNRESOLVED,,,,,
https://www.mcpserver.in/blog/mcp-server-documentation-sprint,/blog/mcp-server-documentation-sprint,/blog,2026-08-09,True,True,True,2,0.0,0.0,0.0,0.0,,,,,,,UNRESOLVED,,,,,
https://www.mcpserver.in/blog/mcp-server-ethics-guide,/blog/mcp-server-ethics-guide,/blog,2026-08-09,True,True,True,2,0.0,0.0,0.0,0.0,,,,,,,UNRESOLVED,,,,,
https://www.mcpserver.in/blog/mcp-server-examples-real-world-implementations,/blog/mcp-server-examples-real-world-implementations,/blog,2026-08-09,True,True,True,2,0.0,0.0,0.0,0.0,,,,,,,UNRESOLVED,,,,,
https://www.mcpserver.in/blog/mcp-server-failures-lessons-learned,/blog/mcp-server-failures-lessons-learned,/blog,2026-08-09,True,True,True,2,0.0,0.0,0.0,0.0,,,,,,,UNRESOLVED,,,,,
https://www.mcpserver.in/blog/mcp-server-faq-community-answered,/blog/mcp-server-faq-community-answered,/blog,2026-08-09,True,True,True,2,0.0,0.0,0.0,0.0,,,,,,,UNRESOLVED,,,,,
https://www.mcpserver.in/blog/mcp-server-for-airtable,/blog/mcp-server-for-airtable,/blog,2026-08-03,True,True,False,1,0.0,0.0,0.0,0.0,,,,,,,UNRESOLVED,,,,,
https://www.mcpserver.in/blog/mcp-server-for-amazon-kinesis,/blog/mcp-server-for-amazon-kinesis,/blog,2026-08-03,True,True,False,1,0.0,0.0,0.0,0.0,,,,,,,UNRESOLVED,,,,,
https://www.mcpserver.in/blog/mcp-server-for-apache-pulsar-geo,/blog/mcp-server-for-apache-pulsar-geo,/blog,2026-08-03,True,True,False,1,0.0,0.0,0.0,0.0,,,,,,,UNRESOLVED,,,,,
https://www.mcpserver.in/blog/mcp-server-for-asana,/blog/mcp-server-for-asana,/blog,2026-08-09,True,True,True,2,0.0,0.0,0.0,0.0,,,,,,,UNRESOLVED,,,,,
https://www.mcpserver.in/blog/mcp-server-for-box,/blog/mcp-server-for-box,/blog,2026-08-09,True,True,True,2,0.0,0.0,0.0,0.0,,,,,,,UNRESOLVED,,,,,
https://www.mcpserver.in/blog/mcp-server-for-crisp,/blog/mcp-server-for-crisp,/blog,2026-08-03,True,True,True,2,0.0,0.0,0.0,0.0,,,,,,,UNRESOLVED,,,,,
https://www.mcpserver.in/blog/mcp-server-for-discord,/blog/mcp-server-for-discord,/blog,2026-08-03,True,True,False,1,0.0,0.0,0.0,0.0,,,,,,,UNRESOLVED,,,,,
https://www.mcpserver.in/blog/mcp-server-for-dropbox,/blog/mcp-server-for-dropbox,/blog,2026-08-03,True,True,True,2,0.0,0.0,0.0,0.0,,,,,,,UNRESOLVED,,,,,
https://www.mcpserver.in/blog/mcp-server-for-event-driven-architecture,/blog/mcp-server-for-event-driven-architecture,/blog,2026-08-03,True,True,False,1,0.0,0.0,0.0,0.0,,,,,,,UNRESOLVED,,,,,
https://www.mcpserver.in/blog/mcp-server-for-freshdesk,/blog/mcp-server-for-freshdesk,/blog,2026-08-03,True,True,False,1,0.0,0.0,0.0,0.0,,,,,,,UNRESOLVED,,,,,
https://www.mcpserver.in/blog/mcp-server-for-freshsales,/blog/mcp-server-for-freshsales,/blog,2026-08-03,True,True,False,1,0.0,0.0,0.0,0.0,,,,,,,UNRESOLVED,,,,,
https://www.mcpserver.in/blog/mcp-server-for-gitlab-devops,/blog/mcp-server-for-gitlab-devops,/blog,2026-08-09,True,True,False,1,0.0,0.0,0.0,0.0,,,,,,,UNRESOLVED,,,,,
https://www.mcpserver.in/blog/mcp-server-for-google-drive,/blog/mcp-server-for-google-drive,/blog,2026-08-09,True,True,True,2,0.0,0.0,0.0,0.0,,,,,,,UNRESOLVED,,,,,
https://www.mcpserver.in/blog/mcp-server-for-google-sheets,/blog/mcp-server-for-google-sheets,/blog,2026-08-03,True,True,False,1,0.0,0.0,0.0,0.0,,,,,,,UNRESOLVED,,,,,
https://www.mcpserver.in/blog/mcp-server-for-grpc-streaming,/blog/mcp-server-for-grpc-streaming,/blog,2026-08-03,True,True,False,1,0.0,0.0,0.0,0.0,,,,,,,UNRESOLVED,,,,,
https://www.mcpserver.in/blog/mcp-server-for-hubspot,/blog/mcp-server-for-hubspot,/blog,2026-08-04,True,True,False,1,0.0,9.0,0.0,51.89,,,,,,,UNRESOLVED,,,,,
https://www.mcpserver.in/blog/mcp-server-for-ifttt,/blog/mcp-server-for-ifttt,/blog,2026-08-03,True,True,False,1,0.0,0.0,0.0,0.0,,,,,,,UNRESOLVED,,,,,
https://www.mcpserver.in/blog/mcp-server-for-intercom,/blog/mcp-server-for-intercom,/blog,2026-08-05,True,True,True,2,0.0,0.0,0.0,0.0,,,,,,,UNRESOLVED,,,,,
https://www.mcpserver.in/blog/mcp-server-for-jira,/blog/mcp-server-for-jira,/blog,2026-08-09,True,True,False,1,0.0,1.0,0.0,9.0,,,,,,,UNRESOLVED,,,,,
https://www.mcpserver.in/blog/mcp-server-for-kafka,/blog/mcp-server-for-kafka,/blog,2026-08-03,True,True,False,1,0.0,1.0,0.0,8.0,,,,,,,UNRESOLVED,,,,,
https://www.mcpserver.in/blog/mcp-server-for-make-com,/blog/mcp-server-for-make-com,/blog,2026-08-03,True,True,False,1,0.0,0.0,0.0,0.0,,,,,,,UNRESOLVED,,,,,
https://www.mcpserver.in/blog/mcp-server-for-monday,/blog/mcp-server-for-monday,/blog,2026-08-10,True,True,False,1,0.0,0.0,0.0,0.0,,,,,,,UNRESOLVED,,,,,
https://www.mcpserver.in/blog/mcp-server-for-mongodb,/blog/mcp-server-for-mongodb,/blog,2026-08-03,True,True,True,2,0.0,0.0,0.0,0.0,,,,,,,UNRESOLVED,,,,,
https://www.mcpserver.in/blog/mcp-server-for-msteams,/blog/mcp-server-for-msteams,/blog,2026-08-03,True,True,False,1,0.0,0.0,0.0,0.0,,,,,,,UNRESOLVED,,,,,
https://www.mcpserver.in/blog/mcp-server-for-nats,/blog/mcp-server-for-nats,/blog,2026-08-03,True,True,False,1,0.0,0.0,0.0,0.0,,,,,,,UNRESOLVED,,,,,
https://www.mcpserver.in/blog/mcp-server-for-onedrive,/blog/mcp-server-for-onedrive,/blog,2026-08-09,True,True,True,2,1.0,4.0,0.25,8.25,,,,,,,UNRESOLVED,,,,,
https://www.mcpserver.in/blog/mcp-server-for-outlook,/blog/mcp-server-for-outlook,/blog,2026-08-09,True,True,True,2,0.0,0.0,0.0,0.0,,,,,,,UNRESOLVED,,,,,
https://www.mcpserver.in/blog/mcp-server-for-pipedrive,/blog/mcp-server-for-pipedrive,/blog,2026-07-26,True,True,False,1,0.0,0.0,0.0,0.0,,,,,,,UNRESOLVED,,,,,
https://www.mcpserver.in/blog/mcp-server-for-pulsar,/blog/mcp-server-for-pulsar,/blog,2026-08-03,True,True,False,1,0.0,0.0,0.0,0.0,,,,,,,UNRESOLVED,,,,,
https://www.mcpserver.in/blog/mcp-server-for-rabbitmq,/blog/mcp-server-for-rabbitmq,/blog,2026-08-03,True,True,False,1,0.0,0.0,0.0,0.0,,,,,,,UNRESOLVED,,,,,
https://www.mcpserver.in/blog/mcp-server-for-razorpay,/blog/mcp-server-for-razorpay,/blog,2026-08-10,True,True,True,2,0.0,0.0,0.0,0.0,,,,,,,UNRESOLVED,,,,,
https://www.mcpserver.in/blog/mcp-server-for-redis-streams,/blog/mcp-server-for-redis-streams,/blog,2026-08-03,True,True,False,1,0.0,0.0,0.0,0.0,,,,,,,UNRESOLVED,,,,,
https://www.mcpserver.in/blog/mcp-server-for-salesforce,/blog/mcp-server-for-salesforce,/blog,2026-08-03,True,True,False,1,0.0,0.0,0.0,0.0,,,,,,,UNRESOLVED,,,,,
https://www.mcpserver.in/blog/mcp-server-for-sendgrid,/blog/mcp-server-for-sendgrid,/blog,2026-08-03,True,True,False,1,0.0,0.0,0.0,0.0,,,,,,,UNRESOLVED,,,,,
https://www.mcpserver.in/blog/mcp-server-for-shopify,/blog/mcp-server-for-shopify,/blog,2026-08-08,True,True,True,2,0.0,0.0,0.0,0.0,,,,,,,UNRESOLVED,,,,,
https://www.mcpserver.in/blog/mcp-server-for-slack,/blog/mcp-server-for-slack,/blog,2026-08-03,True,True,False,1,0.0,0.0,0.0,0.0,,,,,,,UNRESOLVED,,,,,
https://www.mcpserver.in/blog/mcp-server-for-twilio,/blog/mcp-server-for-twilio,/blog,2026-08-03,True,True,False,1,0.0,0.0,0.0,0.0,,,,,,,UNRESOLVED,,,,,
https://www.mcpserver.in/blog/mcp-server-for-websocket-scale,/blog/mcp-server-for-websocket-scale,/blog,2026-08-03,True,True,False,1,0.0,0.0,0.0,0.0,,,,,,,UNRESOLVED,,,,,
https://www.mcpserver.in/blog/mcp-server-for-woocommerce,/blog/mcp-server-for-woocommerce,/blog,2026-08-03,True,True,False,1,0.0,0.0,0.0,0.0,,,,,,,UNRESOLVED,,,,,
https://www.mcpserver.in/blog/mcp-server-for-workato,/blog/mcp-server-for-workato,/blog,2026-08-09,True,True,True,2,0.0,1.0,0.0,10.0,,,,,,,UNRESOLVED,,,,,
https://www.mcpserver.in/blog/mcp-server-for-zapier,/blog/mcp-server-for-zapier,/blog,2026-08-08,True,True,True,2,0.0,0.0,0.0,0.0,,,,,,,UNRESOLVED,,,,,
https://www.mcpserver.in/blog/mcp-server-for-zendesk,/blog/mcp-server-for-zendesk,/blog,2026-08-03,True,True,True,2,0.0,0.0,0.0,0.0,,,,,,,UNRESOLVED,,,,,
https://www.mcpserver.in/blog/mcp-server-for-zoom,/blog/mcp-server-for-zoom,/blog,2026-08-05,True,True,True,2,0.0,0.0,0.0,0.0,,,,,,,UNRESOLVED,,,,,
https://www.mcpserver.in/blog/mcp-server-forum-discussion-board,/blog/mcp-server-forum-discussion-board,/blog,2026-08-09,True,True,True,2,0.0,0.0,0.0,0.0,,,,,,,UNRESOLVED,,,,,
https://www.mcpserver.in/blog/mcp-server-future-trends-workshop,/blog/mcp-server-future-trends-workshop,/blog,2026-08-10,True,True,True,2,0.0,1.0,0.0,66.0,,,,,,,UNRESOLVED,,,,,
https://www.mcpserver.in/blog/mcp-server-hackathon-guide,/blog/mcp-server-hackathon-guide,/blog,2026-08-09,True,True,False,1,0.0,0.0,0.0,0.0,,,,,,,UNRESOLVED,,,,,
https://www.mcpserver.in/blog/mcp-server-help-center-getting-assistance,/blog/mcp-server-help-center-getting-assistance,/blog,2026-08-09,True,True,True,2,0.0,0.0,0.0,0.0,,,,,,,UNRESOLVED,,,,,
https://www.mcpserver.in/blog/mcp-server-kubernetes-deployment,/blog/mcp-server-kubernetes-deployment,/blog,2026-08-03,True,True,False,1,0.0,0.0,0.0,0.0,,,,,,,UNRESOLVED,,,,,
https://www.mcpserver.in/blog/mcp-server-local-meetup-guide,/blog/mcp-server-local-meetup-guide,/blog,2026-08-09,True,True,False,1,0.0,0.0,0.0,0.0,,,,,,,UNRESOLVED,,,,,
https://www.mcpserver.in/blog/mcp-server-meetups-local-events,/blog/mcp-server-meetups-local-events,/blog,2026-08-03,True,True,False,1,0.0,0.0,0.0,0.0,,,,,,,UNRESOLVED,,,,,
https://www.mcpserver.in/blog/mcp-server-mentorship-program,/blog/mcp-server-mentorship-program,/blog,2026-08-09,True,True,True,2,0.0,0.0,0.0,0.0,,,,,,,UNRESOLVED,,,,,
https://www.mcpserver.in/blog/mcp-server-news-weekly-roundup,/blog/mcp-server-news-weekly-roundup,/blog,2026-08-09,True,True,True,2,0.0,0.0,0.0,0.0,,,,,,,UNRESOLVED,,,,,
https://www.mcpserver.in/blog/mcp-server-of-the-month-community-voting,/blog/mcp-server-of-the-month-community-voting,/blog,2026-08-09,True,True,True,2,0.0,0.0,0.0,0.0,,,,,,,UNRESOLVED,,,,,
https://www.mcpserver.in/blog/mcp-server-on-macos,/blog/mcp-server-on-macos,/blog,2026-08-03,True,True,False,1,0.0,0.0,0.0,0.0,,,,,,,UNRESOLVED,,,,,
https://www.mcpserver.in/blog/mcp-server-online-workshop-guide,/blog/mcp-server-online-workshop-guide,/blog,2026-08-10,True,True,True,2,0.0,0.0,0.0,0.0,,,,,,,UNRESOLVED,,,,,
https://www.mcpserver.in/blog/mcp-server-opinions-community-perspectives,/blog/mcp-server-opinions-community-perspectives,/blog,2026-08-09,True,True,True,2,0.0,0.0,0.0,0.0,,,,,,,UNRESOLVED,,,,,
https://www.mcpserver.in/blog/mcp-server-performance-benchmarking,/blog/mcp-server-performance-benchmarking,/blog,2026-08-03,True,True,False,1,0.0,0.0,0.0,0.0,,,,,,,UNRESOLVED,,,,,
https://www.mcpserver.in/blog/mcp-server-performance-optimization,/blog/mcp-server-performance-optimization,/blog,2026-08-10,True,True,True,2,0.0,0.0,0.0,0.0,,,,,,,UNRESOLVED,,,,,
https://www.mcpserver.in/blog/mcp-server-predictions-community-forecasts,/blog/mcp-server-predictions-community-forecasts,/blog,2026-08-09,True,True,True,2,0.0,0.0,0.0,0.0,,,,,,,UNRESOLVED,,,,,
https://www.mcpserver.in/blog/mcp-server-production-deployment-checklist,/blog/mcp-server-production-deployment-checklist,/blog,2026-08-09,True,True,True,2,0.0,0.0,0.0,0.0,,,,,,,UNRESOLVED,,,,,
https://www.mcpserver.in/blog/mcp-server-questions-unanswered-and-answered,/blog/mcp-server-questions-unanswered-and-answered,/blog,2026-08-09,True,True,False,1,0.0,0.0,0.0,0.0,,,,,,,UNRESOLVED,,,,,
https://www.mcpserver.in/blog/mcp-server-resources-curated-links,/blog/mcp-server-resources-curated-links,/blog,2026-08-10,True,True,True,2,0.0,0.0,0.0,0.0,,,,,,,UNRESOLVED,,,,,
https://www.mcpserver.in/blog/mcp-server-reviews-user-ratings,/blog/mcp-server-reviews-user-ratings,/blog,2026-08-09,True,True,False,1,0.0,0.0,0.0,0.0,,,,,,,UNRESOLVED,,,,,
https://www.mcpserver.in/blog/mcp-server-showcase-community-projects,/blog/mcp-server-showcase-community-projects,/blog,2026-08-09,True,True,True,2,0.0,0.0,0.0,0.0,,,,,,,UNRESOLVED,,,,,
https://www.mcpserver.in/blog/mcp-server-starter-kits-community-favorites,/blog/mcp-server-starter-kits-community-favorites,/blog,2026-08-09,True,True,True,2,0.0,0.0,0.0,0.0,,,,,,,UNRESOLVED,,,,,
https://www.mcpserver.in/blog/mcp-server-step-by-step-guides-wiki,/blog/mcp-server-step-by-step-guides-wiki,/blog,2026-08-09,True,True,True,2,0.0,0.0,0.0,0.0,,,,,,,UNRESOLVED,,,,,
https://www.mcpserver.in/blog/mcp-server-support-where-to-find-help,/blog/mcp-server-support-where-to-find-help,/blog,2026-08-09,True,True,True,2,0.0,0.0,0.0,0.0,,,,,,,UNRESOLVED,,,,,
https://www.mcpserver.in/blog/mcp-server-sustainability-guide,/blog/mcp-server-sustainability-guide,/blog,2026-08-09,True,True,True,2,0.0,0.0,0.0,0.0,,,,,,,UNRESOLVED,,,,,
https://www.mcpserver.in/blog/mcp-server-templates-download-and-customize,/blog/mcp-server-templates-download-and-customize,/blog,2026-08-10,True,True,True,2,0.0,0.0,0.0,0.0,,,,,,,UNRESOLVED,,,,,
https://www.mcpserver.in/blog/mcp-server-testing-strategies,/blog/mcp-server-testing-strategies,/blog,2026-08-03,True,True,True,2,0.0,0.0,0.0,0.0,,,,,,,UNRESOLVED,,,,,
https://www.mcpserver.in/blog/mcp-server-tools-community-recommended,/blog/mcp-server-tools-community-recommended,/blog,2026-08-09,True,True,True,2,0.0,0.0,0.0,0.0,,,,,,,UNRESOLVED,,,,,
https://www.mcpserver.in/blog/mcp-server-translation-initiative,/blog/mcp-server-translation-initiative,/blog,2026-08-09,True,True,True,2,0.0,0.0,0.0,0.0,,,,,,,UNRESOLVED,,,,,
https://www.mcpserver.in/blog/mcp-server-updates-changelog-tracker,/blog/mcp-server-updates-changelog-tracker,/blog,2026-08-10,True,True,True,2,0.0,0.0,0.0,0.0,,,,,,,UNRESOLVED,,,,,
https://www.mcpserver.in/blog/mcp-server-video-tutorials-youtube,/blog/mcp-server-video-tutorials-youtube,/blog,2026-08-09,True,True,True,2,0.0,9.0,0.0,33.89,,,,,,,UNRESOLVED,,,,,
https://www.mcpserver.in/blog/mcp-server-webinars-recording-archive,/blog/mcp-server-webinars-recording-archive,/blog,2026-08-03,True,True,True,2,0.0,0.0,0.0,0.0,,,,,,,UNRESOLVED,,,,,
https://www.mcpserver.in/blog/mcp-serverless-architecture,/blog/mcp-serverless-architecture,/blog,2026-08-03,True,True,False,1,0.0,0.0,0.0,0.0,,,,,,,UNRESOLVED,,,,,
https://www.mcpserver.in/blog/mcp-startup-guide-budget,/blog/mcp-startup-guide-budget,/blog,2026-08-03,True,True,False,1,0.0,0.0,0.0,0.0,,,,,,,UNRESOLVED,,,,,
https://www.mcpserver.in/blog/mcp-testing-before-deployment,/blog/mcp-testing-before-deployment,/blog,2026-08-09,True,True,True,2,0.0,0.0,0.0,0.0,,,,,,,UNRESOLVED,,,,,
https://www.mcpserver.in/blog/mcp-threat-model,/blog/mcp-threat-model,/blog,2026-08-08,True,True,True,2,0.0,0.0,0.0,0.0,,,,,,,UNRESOLVED,,,,,
https://www.mcpserver.in/blog/mcp-transport-methods,/blog/mcp-transport-methods,/blog,2026-08-03,True,True,False,1,0.0,9.0,0.0,28.22,,,,,,,UNRESOLVED,,,,,
https://www.mcpserver.in/blog/mcp-trends-what-s-exploding,/blog/mcp-trends-what-s-exploding,/blog,2026-08-10,True,True,False,1,0.0,0.0,0.0,0.0,,,,,,,UNRESOLVED,,,,,
https://www.mcpserver.in/blog/mcp-troubleshooting-guide-community-solutions,/blog/mcp-troubleshooting-guide-community-solutions,/blog,2026-08-09,True,True,True,2,0.0,0.0,0.0,0.0,,,,,,,UNRESOLVED,,,,,
https://www.mcpserver.in/blog/mcp-tutorial-build-your-first-mcp-server,/blog/mcp-tutorial-build-your-first-mcp-server,/blog,2026-08-03,True,True,False,1,0.0,0.0,0.0,0.0,,,,,,,UNRESOLVED,,,,,
https://www.mcpserver.in/blog/mcp-video-courses-ranked,/blog/mcp-video-courses-ranked,/blog,2026-08-03,True,True,False,1,0.0,6.0,0.0,31.83,,,,,,,UNRESOLVED,,,,,
https://www.mcpserver.in/blog/mcp-vs-langchain,/blog/mcp-vs-langchain,/blog,2026-08-09,True,True,True,2,0.0,0.0,0.0,0.0,,,,,,,UNRESOLVED,,,,,
https://www.mcpserver.in/blog/mcp-workflow-automation,/blog/mcp-workflow-automation,/blog,2026-08-10,True,True,True,2,0.0,0.0,0.0,0.0,,,,,,,UNRESOLVED,,,,,
https://www.mcpserver.in/blog/model-context-protocol-beginner-guide,/blog/model-context-protocol-beginner-guide,/blog,2026-07-21,True,True,False,1,0.0,0.0,0.0,0.0,,,,,,,UNRESOLVED,,,,,
https://www.mcpserver.in/blog/moneycontrol-mcp-india,/blog/moneycontrol-mcp-india,/blog,2026-08-10,True,True,False,1,2.0,9.0,0.2222222222222222,4.78,,,,,,,UNRESOLVED,,,,,
https://www.mcpserver.in/blog/mybillbook-mcp-india,/blog/mybillbook-mcp-india,/blog,2026-08-09,True,True,False,1,0.0,0.0,0.0,0.0,,,,,,,UNRESOLVED,,,,,
https://www.mcpserver.in/blog/ndtv-mcp-india,/blog/ndtv-mcp-india,/blog,2026-08-09,True,True,True,2,0.0,0.0,0.0,0.0,,,,,,,UNRESOLVED,,,,,
https://www.mcpserver.in/blog/nse-mcp-server-india,/blog/nse-mcp-server-india,/blog,2026-08-09,True,True,True,2,0.0,0.0,0.0,0.0,,,,,,,UNRESOLVED,,,,,
https://www.mcpserver.in/blog/ola-mcp-india,/blog/ola-mcp-india,/blog,2026-08-09,True,True,True,2,0.0,1.0,0.0,6.0,,,,,,,UNRESOLVED,,,,,
https://www.mcpserver.in/blog/oyo-mcp-india,/blog/oyo-mcp-india,/blog,2026-08-09,True,True,True,2,0.0,0.0,0.0,0.0,,,,,,,UNRESOLVED,,,,,
https://www.mcpserver.in/blog/paytm-mcp-server-india-payments,/blog/paytm-mcp-server-india-payments,/blog,2026-08-09,True,True,True,2,0.0,3.0,0.0,6.330000000000001,,,,,,,UNRESOLVED,,,,,
https://www.mcpserver.in/blog/phonepe-mcp-server-india,/blog/phonepe-mcp-server-india,/blog,2026-08-09,True,True,True,2,1.0,5.0,0.2,4.802,,,,,,,UNRESOLVED,,,,,
https://www.mcpserver.in/blog/pnb-mcp-india,/blog/pnb-mcp-india,/blog,2026-08-08,True,True,True,2,0.0,0.0,0.0,0.0,,,,,,,UNRESOLVED,,,,,
https://www.mcpserver.in/blog/profit-books-mcp-india,/blog/profit-books-mcp-india,/blog,2026-08-09,True,True,True,2,0.0,0.0,0.0,0.0,,,,,,,UNRESOLVED,,,,,
https://www.mcpserver.in/blog/rapido-mcp-india,/blog/rapido-mcp-india,/blog,2026-08-09,True,True,True,2,0.0,1.0,0.0,2.0,,,,,,,UNRESOLVED,,,,,
https://www.mcpserver.in/blog/razorpayx-mcp-india,/blog/razorpayx-mcp-india,/blog,2026-08-08,True,True,True,2,0.0,1.0,0.0,3.0,,,,,,,UNRESOLVED,,,,,
https://www.mcpserver.in/blog/redbus-mcp-india,/blog/redbus-mcp-india,/blog,2026-08-09,True,True,True,2,0.0,1.0,0.0,3.0,,,,,,,UNRESOLVED,,,,,
https://www.mcpserver.in/blog/reliance-mcp-india,/blog/reliance-mcp-india,/blog,2026-08-10,True,True,True,2,0.0,2.0,0.0,6.0,,,,,,,UNRESOLVED,,,,,
https://www.mcpserver.in/blog/sbi-mcp-server-india-banking,/blog/sbi-mcp-server-india-banking,/blog,2026-08-03,True,True,False,1,0.0,0.0,0.0,0.0,,,,,,,UNRESOLVED,,,,,
https://www.mcpserver.in/blog/screener-mcp-india,/blog/screener-mcp-india,/blog,2026-08-09,True,True,True,2,2.0,16.0,0.125,7.25,,,,,,,UNRESOLVED,,,,,
https://www.mcpserver.in/blog/sebi-mcp-server-india,/blog/sebi-mcp-server-india,/blog,2026-08-08,True,True,True,2,0.0,0.0,0.0,0.0,,,,,,,UNRESOLVED,,,,,
https://www.mcpserver.in/blog/shadowfax-mcp-india,/blog/shadowfax-mcp-india,/blog,2026-08-08,True,True,True,2,0.0,0.0,0.0,0.0,,,,,,,UNRESOLVED,,,,,
https://www.mcpserver.in/blog/swiggy-mcp-india,/blog/swiggy-mcp-india,/blog,2026-08-09,True,True,False,1,0.0,2.0,0.0,7.0,,,,,,,UNRESOLVED,,,,,
https://www.mcpserver.in/blog/tamil-maharaja-mcp-tn,/blog/tamil-maharaja-mcp-tn,/blog,2026-08-08,True,True,False,1,0.0,0.0,0.0,0.0,,,,,,,UNRESOLVED,,,,,
https://www.mcpserver.in/blog/tcs-mcp-india,/blog/tcs-mcp-india,/blog,2026-08-09,True,True,True,2,0.0,3.0,0.0,1.6666666666666667,,,,,,,UNRESOLVED,,,,,
https://www.mcpserver.in/blog/uber-india-mcp,/blog/uber-india-mcp,/blog,2026-08-09,True,True,True,2,1.0,5.0,0.2,5.4,,,,,,,UNRESOLVED,,,,,
https://www.mcpserver.in/blog/union-bank-mcp-india,/blog/union-bank-mcp-india,/blog,2026-08-04,True,True,False,1,0.0,0.0,0.0,0.0,,,,,,,UNRESOLVED,,,,,
https://www.mcpserver.in/blog/upstox-mcp-trading,/blog/upstox-mcp-trading,/blog,2026-08-09,True,True,True,2,0.0,18.0,0.0,7.891111111111111,,,,,,,UNRESOLVED,,,,,
https://www.mcpserver.in/blog/urbancompany-mcp-india,/blog/urbancompany-mcp-india,/blog,2026-08-10,True,True,True,2,0.0,4.0,0.0,1.0,,,,,,,UNRESOLVED,,,,,
https://www.mcpserver.in/blog/vi-mcp-india,/blog/vi-mcp-india,/blog,2026-08-09,True,True,True,2,0.0,0.0,0.0,0.0,,,,,,,UNRESOLVED,,,,,
https://www.mcpserver.in/blog/wipro-mcp-india,/blog/wipro-mcp-india,/blog,2026-08-09,True,True,True,2,0.0,0.0,0.0,0.0,,,,,,,UNRESOLVED,,,,,
https://www.mcpserver.in/blog/yes-bank-mcp-india,/blog/yes-bank-mcp-india,/blog,2026-08-08,True,True,True,2,0.0,0.0,0.0,0.0,,,,,,,UNRESOLVED,,,,,
https://www.mcpserver.in/blog/yes-bank-mcp-server,/blog/yes-bank-mcp-server,/blog,2026-08-09,True,True,False,1,0.0,0.0,0.0,0.0,,,,,,,UNRESOLVED,,,,,
https://www.mcpserver.in/blog/zerodha-mcp-server-trading-ai,/blog/zerodha-mcp-server-trading-ai,/blog,2026-08-09,True,True,True,2,0.0,48.0,0.0,9.773124999999999,,,,,,,UNRESOLVED,,,,,
https://www.mcpserver.in/blog/zoho-desk-mcp-india,/blog/zoho-desk-mcp-india,/blog,2026-08-03,True,True,False,1,0.0,2.0,0.0,8.0,,,,,,,UNRESOLVED,,,,,
https://www.mcpserver.in/blog/zoho-inventory-mcp-india,/blog/zoho-inventory-mcp-india,/blog,2026-08-05,True,True,False,1,0.0,0.0,0.0,0.0,,,,,,,UNRESOLVED,,,,,
https://www.mcpserver.in/blog/zoho-projects-mcp-india,/blog/zoho-projects-mcp-india,/blog,2026-08-03,True,True,False,1,0.0,0.0,0.0,0.0,,,,,,,UNRESOLVED,,,,,
https://www.mcpserver.in/blog/zomato-mcp-india,/blog/zomato-mcp-india,/blog,2026-08-09,True,True,True,2,0.0,15.0,0.0,7.33,,,,,,,UNRESOLVED,,,,,
https://www.mcpserver.in/clients,/clients,/clients,2026-08-05,True,True,False,1,0.0,5.0,0.0,61.0,,,,,,,UNRESOLVED,,,,,
https://www.mcpserver.in/clients/claude-desktop,/clients/claude-desktop,/clients,2026-08-06,True,True,False,1,0.0,0.0,0.0,0.0,,,,,,,UNRESOLVED,,,,,
https://www.mcpserver.in/clients/github-copilot,/clients/github-copilot,/clients,2026-08-06,True,True,False,1,0.0,0.0,0.0,0.0,,,,,,,UNRESOLVED,,,,,
https://www.mcpserver.in/clients/windsurf,/clients/windsurf,/clients,2026-08-06,True,True,False,1,0.0,0.0,0.0,0.0,,,,,,,UNRESOLVED,,,,,
https://www.mcpserver.in/community,/community,/community,2026-08-09,False,True,True,2,0.0,0.0,0.0,0.0,,,,,,,UNRESOLVED,,,,,
https://www.mcpserver.in/compare,/compare,/compare,2026-08-10,True,True,False,1,0.0,0.0,0.0,0.0,,,,,,,UNRESOLVED,,,,,
https://www.mcpserver.in/compare/docker-mcp-server-vs-kubernetes-mcp-server,/compare/docker-mcp-server-vs-kubernetes-mcp-server,/compare,2026-08-07,True,True,False,1,0.0,0.0,0.0,0.0,,,,,,,UNRESOLVED,,,,,
https://www.mcpserver.in/compare/jira-mcp-server-vs-linear-mcp-server,/compare/jira-mcp-server-vs-linear-mcp-server,/compare,2026-08-07,True,True,False,1,0.0,0.0,0.0,0.0,,,,,,,UNRESOLVED,,,,,
https://www.mcpserver.in/compare/local-vs-remote-mcp-server,/compare/local-vs-remote-mcp-server,/compare,2026-08-06,True,True,False,1,0.0,0.0,0.0,0.0,,,,,,,UNRESOLVED,,,,,
https://www.mcpserver.in/compare/mcp-vs-openapi,/compare/mcp-vs-openapi,/compare,2026-08-08,True,True,False,1,0.0,1.0,0.0,1.0,,,,,,,UNRESOLVED,,,,,
https://www.mcpserver.in/compare/postman-mcp-server-vs-swagger-mcp-server,/compare/postman-mcp-server-vs-swagger-mcp-server,/compare,2026-08-07,True,True,False,1,0.0,0.0,0.0,0.0,,,,,,,UNRESOLVED,,,,,
https://www.mcpserver.in/compare/python-vs-typescript-mcp,/compare/python-vs-typescript-mcp,/compare,2026-08-06,True,True,False,1,0.0,1.0,0.0,9.0,,,,,,,UNRESOLVED,,,,,
https://www.mcpserver.in/compare/redis-mcp-server-vs-mongodb-mcp-server,/compare/redis-mcp-server-vs-mongodb-mcp-server,/compare,2026-08-07,True,True,False,1,0.0,0.0,0.0,0.0,,,,,,,UNRESOLVED,,,,,
https://www.mcpserver.in/compare/sentry-mcp-server-vs-datadog-mcp-server,/compare/sentry-mcp-server-vs-datadog-mcp-server,/compare,2026-08-07,True,True,False,1,0.0,0.0,0.0,0.0,,,,,,,UNRESOLVED,,,,,
https://www.mcpserver.in/compare/stdio-vs-streamable-http,/compare/stdio-vs-streamable-http,/compare,2026-08-06,True,True,False,1,0.0,1.0,0.0,31.0,,,,,,,UNRESOLVED,,,,,
https://www.mcpserver.in/compare/vercel-mcp-server-vs-cloudflare-mcp-server,/compare/vercel-mcp-server-vs-cloudflare-mcp-server,/compare,2026-08-07,True,True,False,1,0.0,0.0,0.0,0.0,,,,,,,UNRESOLVED,,,,,
https://www.mcpserver.in/complete-guide-mcp-servers,/complete-guide-mcp-servers,/complete-guide-mcp-servers,2026-08-03,False,True,True,1,0.0,0.0,0.0,0.0,,,,,,,UNRESOLVED,,,,,
https://www.mcpserver.in/compliance/matrix,/compliance/matrix,/compliance,2026-08-06,True,True,False,1,0.0,3.0,0.0,38.33,,,,,,,UNRESOLVED,,,,,
https://www.mcpserver.in/databases/bigquery-mcp-server,/databases/bigquery-mcp-server,/databases,2026-08-06,True,True,False,1,0.0,0.0,0.0,0.0,,,,,,,UNRESOLVED,,,,,
https://www.mcpserver.in/databases/firebase-mcp-server,/databases/firebase-mcp-server,/databases,2026-08-06,True,True,False,1,0.0,0.0,0.0,0.0,,,,,,,UNRESOLVED,,,,,
https://www.mcpserver.in/databases/postgresql-mcp-server,/databases/postgresql-mcp-server,/databases,2026-08-06,True,True,False,1,0.0,0.0,0.0,0.0,,,,,,,UNRESOLVED,,,,,
https://www.mcpserver.in/deployment/aws,/deployment/aws,/deployment,2026-08-06,True,True,False,1,0.0,3.0,0.0,37.67,,,,,,,UNRESOLVED,,,,,
https://www.mcpserver.in/deployment/google-cloud,/deployment/google-cloud,/deployment,2026-08-06,True,True,False,1,0.0,0.0,0.0,0.0,,,,,,,UNRESOLVED,,,,,
https://www.mcpserver.in/deployment/kubernetes,/deployment/kubernetes,/deployment,2026-08-06,True,True,False,1,0.0,0.0,0.0,0.0,,,,,,,UNRESOLVED,,,,,
https://www.mcpserver.in/deployment/railway,/deployment/railway,/deployment,2026-08-06,True,True,False,1,0.0,0.0,0.0,0.0,,,,,,,UNRESOLVED,,,,,
https://www.mcpserver.in/deployment/self-hosted,/deployment/self-hosted,/deployment,2026-08-06,True,True,False,1,0.0,0.0,0.0,0.0,,,,,,,UNRESOLVED,,,,,
https://www.mcpserver.in/deployment/vercel,/deployment/vercel,/deployment,2026-08-06,True,True,False,1,0.0,0.0,0.0,0.0,,,,,,,UNRESOLVED,,,,,
https://www.mcpserver.in/directory,/directory,/directory,2026-08-14,True,True,False,1,0.0,0.0,0.0,0.0,,,,,,,UNRESOLVED,,,,,
https://www.mcpserver.in/directory/databases,/directory/databases,/directory,2026-08-03,True,True,False,1,0.0,0.0,0.0,0.0,,,,,,,UNRESOLVED,,,,,
https://www.mcpserver.in/directory/devops,/directory/devops,/directory,2026-08-14,True,True,True,2,0.0,0.0,0.0,0.0,,,,,,,UNRESOLVED,,,,,
https://www.mcpserver.in/directory/iot,/directory/iot,/directory,2026-08-06,True,True,True,2,0.0,0.0,0.0,0.0,,,,,,,UNRESOLVED,,,,,
https://www.mcpserver.in/directory/monitoring,/directory/monitoring,/directory,2026-08-06,True,True,True,2,0.0,2.0,0.0,79.5,,,,,,,UNRESOLVED,,,,,
https://www.mcpserver.in/docs,/docs,/docs,2026-08-18,True,True,False,2,0.0,0.0,0.0,0.0,,,,,,,UNRESOLVED,,,,,
https://www.mcpserver.in/docs/advanced,/docs/advanced,/docs,2026-08-09,True,True,True,2,0.0,0.0,0.0,0.0,,,,,,,UNRESOLVED,,,,,
https://www.mcpserver.in/docs/comparisons,/docs/comparisons,/docs,2026-08-09,True,True,False,1,0.0,0.0,0.0,0.0,,,,,,,UNRESOLVED,,,,,
https://www.mcpserver.in/docs/comparisons/when-to-use-mcp,/docs/comparisons/when-to-use-mcp,/docs,2026-08-05,True,True,False,1,0.0,0.0,0.0,0.0,,,,,,,UNRESOLVED,,,,,
https://www.mcpserver.in/docs/compliance/audit-logging,/docs/compliance/audit-logging,/docs,2026-08-03,True,True,True,2,0.0,0.0,0.0,0.0,,,,,,,UNRESOLVED,,,,,
https://www.mcpserver.in/docs/compliance/dpdp-checklist,/docs/compliance/dpdp-checklist,/docs,2026-08-03,True,True,True,2,0.0,0.0,0.0,0.0,,,,,,,UNRESOLVED,,,,,
https://www.mcpserver.in/docs/compliance/dpdp-compliance-guide,/docs/compliance/dpdp-compliance-guide,/docs,2026-07-20,True,True,False,1,0.0,0.0,0.0,0.0,,,,,,,UNRESOLVED,,,,,
https://www.mcpserver.in/docs/compliance/rbi-compliance,/docs/compliance/rbi-compliance,/docs,2026-08-03,True,True,False,1,0.0,0.0,0.0,0.0,,,,,,,UNRESOLVED,,,,,
https://www.mcpserver.in/docs/compliance/security-best-practices,/docs/compliance/security-best-practices,/docs,2026-08-08,True,True,False,1,0.0,0.0,0.0,0.0,,,,,,,UNRESOLVED,,,,,
https://www.mcpserver.in/docs/deployment/google-cloud-run,/docs/deployment/google-cloud-run,/docs,2026-08-03,True,True,False,1,0.0,0.0,0.0,0.0,,,,,,,UNRESOLVED,,,,,
https://www.mcpserver.in/docs/deployment/kubernetes-deployment,/docs/deployment/kubernetes-deployment,/docs,2026-08-03,True,True,False,1,0.0,0.0,0.0,0.0,,,,,,,UNRESOLVED,,,,,
https://www.mcpserver.in/docs/development/bigquery-integration,/docs/development/bigquery-integration,/docs,2026-08-03,True,True,True,2,0.0,0.0,0.0,0.0,,,,,,,UNRESOLVED,,,,,
https://www.mcpserver.in/docs/development/elasticsearch-integration,/docs/development/elasticsearch-integration,/docs,2026-08-03,True,True,False,1,0.0,0.0,0.0,0.0,,,,,,,UNRESOLVED,,,,,
https://www.mcpserver.in/docs/development/publishing,/docs/development/publishing,/docs,2026-08-03,True,True,False,1,0.0,1.0,0.0,7.0,,,,,,,UNRESOLVED,,,,,
https://www.mcpserver.in/docs/development/snowflake-integration,/docs/development/snowflake-integration,/docs,2026-08-03,True,True,False,1,0.0,0.0,0.0,0.0,,,,,,,UNRESOLVED,,,,,
https://www.mcpserver.in/docs/development/supabase-integration,/docs/development/supabase-integration,/docs,2026-08-03,True,True,False,1,0.0,0.0,0.0,0.0,,,,,,,UNRESOLVED,,,,,
https://www.mcpserver.in/docs/getting-started,/docs/getting-started,/docs,2026-08-08,True,True,True,2,0.0,0.0,0.0,0.0,,,,,,,UNRESOLVED,,,,,
https://www.mcpserver.in/docs/getting-started/managed-edge-hosting,/docs/getting-started/managed-edge-hosting,/docs,2026-08-08,True,True,False,1,0.0,0.0,0.0,0.0,,,,,,,UNRESOLVED,,,,,
https://www.mcpserver.in/docs/industry,/docs/industry,/docs,2026-08-09,True,True,False,1,0.0,0.0,0.0,0.0,,,,,,,UNRESOLVED,,,,,
https://www.mcpserver.in/docs/industry/education,/docs/industry/education,/docs,2026-08-03,True,True,False,1,0.0,0.0,0.0,0.0,,,,,,,UNRESOLVED,,,,,
https://www.mcpserver.in/docs/industry/gst-integration,/docs/industry/gst-integration,/docs,2026-07-24,True,True,False,1,0.0,0.0,0.0,0.0,,,,,,,UNRESOLVED,,,,,
https://www.mcpserver.in/docs/internationalization,/docs/internationalization,/docs,2026-08-09,True,True,True,2,0.0,1.0,0.0,7.0,,,,,,,UNRESOLVED,,,,,
https://www.mcpserver.in/docs/monitoring/observability-best-practices,/docs/monitoring/observability-best-practices,/docs,2026-08-09,True,True,True,2,0.0,0.0,0.0,0.0,,,,,,,UNRESOLVED,,,,,
https://www.mcpserver.in/docs/performance,/docs/performance,/docs,2026-08-09,True,True,True,2,0.0,0.0,0.0,0.0,,,,,,,UNRESOLVED,,,,,
https://www.mcpserver.in/docs/pricing/hidden-costs,/docs/pricing/hidden-costs,/docs,2026-08-07,True,True,False,1,0.0,0.0,0.0,0.0,,,,,,,UNRESOLVED,,,,,
https://www.mcpserver.in/docs/protocol,/docs/protocol,/docs,2026-08-08,True,True,True,2,0.0,0.0,0.0,0.0,,,,,,,UNRESOLVED,,,,,
https://www.mcpserver.in/docs/protocol/tools,/docs/protocol/tools,/docs,2026-08-09,True,True,False,1,0.0,0.0,0.0,0.0,,,,,,,UNRESOLVED,,,,,
https://www.mcpserver.in/docs/servers/adyen-mcp-server,/docs/servers/adyen-mcp-server,/docs,2026-08-09,True,True,True,2,0.0,0.0,0.0,0.0,,,,,,,UNRESOLVED,,,,,
https://www.mcpserver.in/docs/servers/bitbucket-mcp-server,/docs/servers/bitbucket-mcp-server,/docs,2026-08-03,True,True,False,1,0.0,0.0,0.0,0.0,,,,,,,UNRESOLVED,,,,,
https://www.mcpserver.in/docs/servers/cassandra-mcp-server,/docs/servers/cassandra-mcp-server,/docs,2026-08-09,True,True,True,2,0.0,0.0,0.0,0.0,,,,,,,UNRESOLVED,,,,,
https://www.mcpserver.in/docs/servers/chargebee-mcp-server,/docs/servers/chargebee-mcp-server,/docs,2026-08-03,True,True,False,1,0.0,0.0,0.0,0.0,,,,,,,UNRESOLVED,,,,,
https://www.mcpserver.in/docs/servers/circleci-mcp-server,/docs/servers/circleci-mcp-server,/docs,2026-08-09,True,True,True,2,0.0,0.0,0.0,0.0,,,,,,,UNRESOLVED,,,,,
https://www.mcpserver.in/docs/servers/cohere-mcp-server,/docs/servers/cohere-mcp-server,/docs,2026-08-03,True,True,False,1,0.0,0.0,0.0,0.0,,,,,,,UNRESOLVED,,,,,
https://www.mcpserver.in/docs/servers/discord-mcp-server,/docs/servers/discord-mcp-server,/docs,2026-08-09,True,True,False,1,0.0,0.0,0.0,0.0,,,,,,,UNRESOLVED,,,,,
https://www.mcpserver.in/docs/servers/dynamodb-mcp-server,/docs/servers/dynamodb-mcp-server,/docs,2026-08-09,True,True,True,2,0.0,0.0,0.0,0.0,,,,,,,UNRESOLVED,,,,,
https://www.mcpserver.in/docs/servers/elasticsearch-mcp-server,/docs/servers/elasticsearch-mcp-server,/docs,2026-08-09,True,True,False,1,0.0,0.0,0.0,0.0,,,,,,,UNRESOLVED,,,,,
https://www.mcpserver.in/docs/servers/figma-mcp-server,/docs/servers/figma-mcp-server,/docs,2026-08-09,True,True,True,2,0.0,0.0,0.0,0.0,,,,,,,UNRESOLVED,,,,,
https://www.mcpserver.in/docs/servers/firebase-mcp-server,/docs/servers/firebase-mcp-server,/docs,2026-08-03,True,True,False,1,0.0,0.0,0.0,0.0,,,,,,,UNRESOLVED,,,,,
https://www.mcpserver.in/docs/servers/fly-io-mcp-server,/docs/servers/fly-io-mcp-server,/docs,2026-08-09,True,True,True,2,0.0,0.0,0.0,0.0,,,,,,,UNRESOLVED,,,,,
https://www.mcpserver.in/docs/servers/gitbook-mcp-server,/docs/servers/gitbook-mcp-server,/docs,2026-08-09,True,True,True,2,0.0,0.0,0.0,0.0,,,,,,,UNRESOLVED,,,,,
https://www.mcpserver.in/docs/servers/google-drive-mcp-server,/docs/servers/google-drive-mcp-server,/docs,2026-07-20,True,True,False,1,0.0,0.0,0.0,0.0,,,,,,,UNRESOLVED,,,,,
https://www.mcpserver.in/docs/servers/google-meet-mcp-server,/docs/servers/google-meet-mcp-server,/docs,2026-07-20,False,True,True,1,0.0,0.0,0.0,0.0,,,,,,,UNRESOLVED,,,,,
https://www.mcpserver.in/docs/servers/google-search-mcp-server,/docs/servers/google-search-mcp-server,/docs,2026-07-20,False,True,True,1,0.0,0.0,0.0,0.0,,,,,,,UNRESOLVED,,,,,
https://www.mcpserver.in/docs/servers/hubspot-mcp-server,/docs/servers/hubspot-mcp-server,/docs,2026-08-03,True,True,False,1,0.0,1.0,0.0,5.0,,,,,,,UNRESOLVED,,,,,
https://www.mcpserver.in/docs/servers/jenkins-mcp-server,/docs/servers/jenkins-mcp-server,/docs,2026-08-09,True,True,False,1,0.0,0.0,0.0,0.0,,,,,,,UNRESOLVED,,,,,
https://www.mcpserver.in/docs/servers/kubernetes-mcp-server,/docs/servers/kubernetes-mcp-server,/docs,2026-07-20,True,True,False,1,0.0,0.0,0.0,0.0,,,,,,,UNRESOLVED,,,,,
https://www.mcpserver.in/docs/servers/linode-mcp-server,/docs/servers/linode-mcp-server,/docs,2026-08-09,True,True,True,2,0.0,0.0,0.0,0.0,,,,,,,UNRESOLVED,,,,,
https://www.mcpserver.in/docs/servers/mailchimp-mcp-server,/docs/servers/mailchimp-mcp-server,/docs,2026-07-20,False,True,True,1,0.0,0.0,0.0,0.0,,,,,,,UNRESOLVED,,,,,
https://www.mcpserver.in/docs/servers/mongodb-mcp-server,/docs/servers/mongodb-mcp-server,/docs,2026-08-03,True,True,False,1,0.0,0.0,0.0,0.0,,,,,,,UNRESOLVED,,,,,
https://www.mcpserver.in/docs/servers/ms-teams-mcp-server,/docs/servers/ms-teams-mcp-server,/docs,2026-08-09,True,True,True,2,0.0,0.0,0.0,0.0,,,,,,,UNRESOLVED,,,,,
https://www.mcpserver.in/docs/servers/mysql-mcp-server,/docs/servers/mysql-mcp-server,/docs,2026-08-03,True,True,False,1,0.0,0.0,0.0,0.0,,,,,,,UNRESOLVED,,,,,
https://www.mcpserver.in/docs/servers/neo4j-mcp-server,/docs/servers/neo4j-mcp-server,/docs,2026-08-09,True,True,True,2,0.0,0.0,0.0,0.0,,,,,,,UNRESOLVED,,,,,
https://www.mcpserver.in/docs/servers/newrelic-mcp-server,/docs/servers/newrelic-mcp-server,/docs,2026-08-09,True,True,True,2,0.0,0.0,0.0,0.0,,,,,,,UNRESOLVED,,,,,
https://www.mcpserver.in/docs/servers/notion-mcp-server,/docs/servers/notion-mcp-server,/docs,2026-08-03,True,True,False,1,0.0,0.0,0.0,0.0,,,,,,,UNRESOLVED,,,,,
https://www.mcpserver.in/docs/servers/ollama-mcp-server,/docs/servers/ollama-mcp-server,/docs,2026-08-09,False,True,True,1,0.0,0.0,0.0,0.0,,,,,,,UNRESOLVED,,,,,
https://www.mcpserver.in/docs/servers/oracle-mcp-server,/docs/servers/oracle-mcp-server,/docs,2026-08-03,True,True,False,1,0.0,0.0,0.0,0.0,,,,,,,UNRESOLVED,,,,,
https://www.mcpserver.in/docs/servers/paddle-mcp-server,/docs/servers/paddle-mcp-server,/docs,2026-08-09,True,True,True,2,0.0,0.0,0.0,0.0,,,,,,,UNRESOLVED,,,,,
https://www.mcpserver.in/docs/servers/paypal-mcp-server,/docs/servers/paypal-mcp-server,/docs,2026-08-03,True,True,False,1,0.0,0.0,0.0,0.0,,,,,,,UNRESOLVED,,,,,
https://www.mcpserver.in/docs/servers/postgres-mcp-server,/docs/servers/postgres-mcp-server,/docs,2026-08-03,True,True,False,1,0.0,0.0,0.0,0.0,,,,,,,UNRESOLVED,,,,,
https://www.mcpserver.in/docs/servers/redis-mcp-server,/docs/servers/redis-mcp-server,/docs,2026-08-03,True,True,False,1,0.0,0.0,0.0,0.0,,,,,,,UNRESOLVED,,,,,
https://www.mcpserver.in/docs/servers/render-mcp-server,/docs/servers/render-mcp-server,/docs,2026-08-09,True,True,True,2,0.0,0.0,0.0,0.0,,,,,,,UNRESOLVED,,,,,
https://www.mcpserver.in/docs/servers/sentry-mcp-server,/docs/servers/sentry-mcp-server,/docs,2026-08-09,True,True,False,1,0.0,0.0,0.0,0.0,,,,,,,UNRESOLVED,,,,,
https://www.mcpserver.in/docs/servers/sonarqube-mcp-server,/docs/servers/sonarqube-mcp-server,/docs,2026-08-09,True,True,True,2,0.0,0.0,0.0,0.0,,,,,,,UNRESOLVED,,,,,
https://www.mcpserver.in/docs/servers/sqlite-mcp-server,/docs/servers/sqlite-mcp-server,/docs,2026-08-03,True,True,False,1,0.0,0.0,0.0,0.0,,,,,,,UNRESOLVED,,,,,
https://www.mcpserver.in/docs/servers/supabase-cloud-mcp-server,/docs/servers/supabase-cloud-mcp-server,/docs,2026-08-09,True,True,True,2,0.0,0.0,0.0,0.0,,,,,,,UNRESOLVED,,,,,
https://www.mcpserver.in/docs/servers/swagger-mcp-server,/docs/servers/swagger-mcp-server,/docs,2026-08-09,True,True,True,2,0.0,0.0,0.0,0.0,,,,,,,UNRESOLVED,,,,,
https://www.mcpserver.in/docs/servers/trello-mcp-server,/docs/servers/trello-mcp-server,/docs,2026-07-20,True,True,False,1,0.0,0.0,0.0,0.0,,,,,,,UNRESOLVED,,,,,
https://www.mcpserver.in/docs/servers/vercel-mcp-server,/docs/servers/vercel-mcp-server,/docs,2026-08-03,True,True,False,1,0.0,1.0,0.0,25.0,,,,,,,UNRESOLVED,,,,,
https://www.mcpserver.in/docs/servers/woocommerce-mcp-server,/docs/servers/woocommerce-mcp-server,/docs,2026-08-09,True,True,True,2,0.0,0.0,0.0,0.0,,,,,,,UNRESOLVED,,,,,
https://www.mcpserver.in/docs/servers/xero-mcp-server,/docs/servers/xero-mcp-server,/docs,2026-08-09,True,True,False,1,0.0,0.0,0.0,0.0,,,,,,,UNRESOLVED,,,,,
https://www.mcpserver.in/docs/servers/zoom-mcp-server,/docs/servers/zoom-mcp-server,/docs,2026-08-09,True,True,True,2,0.0,0.0,0.0,0.0,,,,,,,UNRESOLVED,,,,,
https://www.mcpserver.in/docs/troubleshooting,/docs/troubleshooting,/docs,2026-08-09,True,True,True,2,0.0,0.0,0.0,0.0,,,,,,,UNRESOLVED,,,,,
https://www.mcpserver.in/docs/troubleshooting/common-issues,/docs/troubleshooting/common-issues,/docs,2026-08-03,True,True,True,2,0.0,3.0,0.0,7.333333333333333,,,,,,,UNRESOLVED,,,,,
https://www.mcpserver.in/faq,/faq,/faq,2026-07-22,True,True,False,1,0.0,0.0,0.0,0.0,,,,,,,UNRESOLVED,,,,,
https://www.mcpserver.in/frameworks/fastmcp,/frameworks/fastmcp,/frameworks,2026-08-06,True,True,False,1,0.0,0.0,0.0,0.0,,,,,,,UNRESOLVED,,,,,
https://www.mcpserver.in/frameworks/spring-ai-mcp,/frameworks/spring-ai-mcp,/frameworks,2026-08-06,True,True,False,1,0.0,1.0,0.0,36.0,,,,,,,UNRESOLVED,,,,,
https://www.mcpserver.in/glossary,/glossary,/glossary,2026-08-12,True,True,True,3,0.0,0.0,0.0,0.0,,,,,,,UNRESOLVED,,,,,
https://www.mcpserver.in/glossary/agent,/glossary/agent,/glossary,2026-08-03,True,True,False,1,0.0,12.0,0.0,50.330000000000005,,,,,,,UNRESOLVED,,,,,
https://www.mcpserver.in/glossary/alignment,/glossary/alignment,/glossary,2026-08-03,True,True,False,1,0.0,0.0,0.0,0.0,,,,,,,UNRESOLVED,,,,,
https://www.mcpserver.in/glossary/asr,/glossary/asr,/glossary,2026-08-03,True,True,False,1,0.0,0.0,0.0,0.0,,,,,,,UNRESOLVED,,,,,
https://www.mcpserver.in/glossary/bigquery-mcp,/glossary/bigquery-mcp,/glossary,2026-08-03,True,True,False,1,0.0,0.0,0.0,0.0,,,,,,,UNRESOLVED,,,,,
https://www.mcpserver.in/glossary/bpe,/glossary/bpe,/glossary,2026-08-04,True,True,False,1,0.0,0.0,0.0,0.0,,,,,,,UNRESOLVED,,,,,
https://www.mcpserver.in/glossary/chain-of-thought,/glossary/chain-of-thought,/glossary,2026-08-11,True,True,False,1,0.0,0.0,0.0,0.0,,,,,,,UNRESOLVED,,,,,
https://www.mcpserver.in/glossary/chromadb-mcp,/glossary/chromadb-mcp,/glossary,2026-08-03,True,True,False,1,0.0,0.0,0.0,0.0,,,,,,,UNRESOLVED,,,,,
https://www.mcpserver.in/glossary/clickhouse-mcp,/glossary/clickhouse-mcp,/glossary,2026-08-03,True,True,True,2,0.0,0.0,0.0,0.0,,,,,,,UNRESOLVED,,,,,
https://www.mcpserver.in/glossary/context-window,/glossary/context-window,/glossary,2026-08-03,True,True,False,1,0.0,0.0,0.0,0.0,,,,,,,UNRESOLVED,,,,,
https://www.mcpserver.in/glossary/cosine-similarity,/glossary/cosine-similarity,/glossary,2026-08-03,True,True,False,1,0.0,0.0,0.0,0.0,,,,,,,UNRESOLVED,,,,,
https://www.mcpserver.in/glossary/crewai-mcp,/glossary/crewai-mcp,/glossary,2026-08-03,True,True,False,1,0.0,0.0,0.0,0.0,,,,,,,UNRESOLVED,,,,,
https://www.mcpserver.in/glossary/cve-management,/glossary/cve-management,/glossary,2026-08-03,True,True,True,2,0.0,0.0,0.0,0.0,,,,,,,UNRESOLVED,,,,,
https://www.mcpserver.in/glossary/datadog-mcp,/glossary/datadog-mcp,/glossary,2026-08-03,True,True,False,1,0.0,0.0,0.0,0.0,,,,,,,UNRESOLVED,,,,,
https://www.mcpserver.in/glossary/docker-mcp,/glossary/docker-mcp,/glossary,2026-08-03,True,True,False,1,0.0,0.0,0.0,0.0,,,,,,,UNRESOLVED,,,,,
https://www.mcpserver.in/glossary/dpdp,/glossary/dpdp,/glossary,2026-08-03,True,True,True,3,0.0,0.0,0.0,0.0,,,,,,,UNRESOLVED,,,,,
https://www.mcpserver.in/glossary/dynamodb-mcp,/glossary/dynamodb-mcp,/glossary,2026-08-03,True,True,False,1,0.0,0.0,0.0,0.0,,,,,,,UNRESOLVED,,,,,
https://www.mcpserver.in/glossary/elasticsearch-mcp,/glossary/elasticsearch-mcp,/glossary,2026-08-03,True,True,False,1,0.0,0.0,0.0,0.0,,,,,,,UNRESOLVED,,,,,
https://www.mcpserver.in/glossary/embedding,/glossary/embedding,/glossary,2026-08-03,True,True,False,1,0.0,0.0,0.0,0.0,,,,,,,UNRESOLVED,,,,,
https://www.mcpserver.in/glossary/encryption-in-transit,/glossary/encryption-in-transit,/glossary,2026-08-03,True,True,False,1,0.0,0.0,0.0,0.0,,,,,,,UNRESOLVED,,,,,
https://www.mcpserver.in/glossary/few-shot-learning,/glossary/few-shot-learning,/glossary,2026-08-03,True,True,False,1,0.0,0.0,0.0,0.0,,,,,,,UNRESOLVED,,,,,
https://www.mcpserver.in/glossary/gateway,/glossary/gateway,/glossary,2026-08-03,True,True,False,1,0.0,2.0,0.0,75.0,,,,,,,UNRESOLVED,,,,,
https://www.mcpserver.in/glossary/github-actions-mcp,/glossary/github-actions-mcp,/glossary,2026-08-03,True,True,False,1,0.0,0.0,0.0,0.0,,,,,,,UNRESOLVED,,,,,
https://www.mcpserver.in/glossary/guardrails,/glossary/guardrails,/glossary,2026-08-03,True,True,False,1,0.0,0.0,0.0,0.0,,,,,,,UNRESOLVED,,,,,
https://www.mcpserver.in/glossary/hallucination,/glossary/hallucination,/glossary,2026-08-03,True,True,False,1,0.0,0.0,0.0,0.0,,,,,,,UNRESOLVED,,,,,
https://www.mcpserver.in/glossary/hardware-abstraction-mcp,/glossary/hardware-abstraction-mcp,/glossary,2026-08-05,True,True,True,2,0.0,0.0,0.0,0.0,,,,,,,UNRESOLVED,,,,,
https://www.mcpserver.in/glossary/hnsw,/glossary/hnsw,/glossary,2026-08-03,True,True,False,1,0.0,7.0,0.0,54.71,,,,,,,UNRESOLVED,,,,,
https://www.mcpserver.in/glossary/inference,/glossary/inference,/glossary,2026-08-03,True,True,False,1,0.0,0.0,0.0,0.0,,,,,,,UNRESOLVED,,,,,
https://www.mcpserver.in/glossary/kv-cache,/glossary/kv-cache,/glossary,2026-08-03,True,True,False,1,0.0,0.0,0.0,0.0,,,,,,,UNRESOLVED,,,,,
https://www.mcpserver.in/glossary/large-language-model,/glossary/large-language-model,/glossary,2026-08-03,True,True,False,1,0.0,0.0,0.0,0.0,,,,,,,UNRESOLVED,,,,,
https://www.mcpserver.in/glossary/llamaindex-mcp,/glossary/llamaindex-mcp,/glossary,2026-08-03,True,True,False,1,0.0,0.0,0.0,0.0,,,,,,,UNRESOLVED,,,,,
https://www.mcpserver.in/glossary/llm-ops,/glossary/llm-ops,/glossary,2026-08-03,True,True,False,1,0.0,0.0,0.0,0.0,,,,,,,UNRESOLVED,,,,,
https://www.mcpserver.in/glossary/lm-studio-mcp,/glossary/lm-studio-mcp,/glossary,2026-08-03,True,True,False,1,0.0,0.0,0.0,0.0,,,,,,,UNRESOLVED,,,,,
https://www.mcpserver.in/glossary/lora,/glossary/lora,/glossary,2026-08-03,True,True,True,2,0.0,0.0,0.0,0.0,,,,,,,UNRESOLVED,,,,,
https://www.mcpserver.in/glossary/mcp-agent-collaboration,/glossary/mcp-agent-collaboration,/glossary,2026-08-08,True,True,False,1,0.0,0.0,0.0,0.0,,,,,,,UNRESOLVED,,,,,
https://www.mcpserver.in/glossary/mcp-agent-delegation,/glossary/mcp-agent-delegation,/glossary,2026-08-03,True,True,False,1,0.0,0.0,0.0,0.0,,,,,,,UNRESOLVED,,,,,
https://www.mcpserver.in/glossary/mcp-agent-memory,/glossary/mcp-agent-memory,/glossary,2026-08-03,True,True,False,1,0.0,0.0,0.0,0.0,,,,,,,UNRESOLVED,,,,,
https://www.mcpserver.in/glossary/mcp-agent-orchestration,/glossary/mcp-agent-orchestration,/glossary,2026-08-03,True,True,False,1,0.0,0.0,0.0,0.0,,,,,,,UNRESOLVED,,,,,
https://www.mcpserver.in/glossary/mcp-agent-planning,/glossary/mcp-agent-planning,/glossary,2026-07-21,True,True,False,1,0.0,0.0,0.0,0.0,,,,,,,UNRESOLVED,,,,,
https://www.mcpserver.in/glossary/mcp-agent-tools,/glossary/mcp-agent-tools,/glossary,2026-08-03,True,True,False,1,0.0,0.0,0.0,0.0,,,,,,,UNRESOLVED,,,,,
https://www.mcpserver.in/glossary/mcp-alert-manager-68,/glossary/mcp-alert-manager-68,/glossary,2026-08-03,True,True,False,1,0.0,0.0,0.0,0.0,,,,,,,UNRESOLVED,,,,,
https://www.mcpserver.in/glossary/mcp-alerting,/glossary/mcp-alerting,/glossary,2026-08-03,True,True,False,1,0.0,0.0,0.0,0.0,,,,,,,UNRESOLVED,,,,,
https://www.mcpserver.in/glossary/mcp-analytics-platform-11,/glossary/mcp-analytics-platform-11,/glossary,2026-08-03,True,True,False,1,0.0,0.0,0.0,0.0,,,,,,,UNRESOLVED,,,,,
https://www.mcpserver.in/glossary/mcp-api-client-78,/glossary/mcp-api-client-78,/glossary,2026-08-03,True,True,False,1,0.0,0.0,0.0,0.0,,,,,,,UNRESOLVED,,,,,
https://www.mcpserver.in/glossary/mcp-api-gateway-14,/glossary/mcp-api-gateway-14,/glossary,2026-08-03,True,True,False,1,0.0,0.0,0.0,0.0,,,,,,,UNRESOLVED,,,,,
https://www.mcpserver.in/glossary/mcp-api-gateway-140,/glossary/mcp-api-gateway-140,/glossary,2026-08-03,False,True,True,1,0.0,0.0,0.0,0.0,,,,,,,UNRESOLVED,,,,,
https://www.mcpserver.in/glossary/mcp-async-validator-124,/glossary/mcp-async-validator-124,/glossary,2026-08-03,False,True,True,1,0.0,0.0,0.0,0.0,,,,,,,UNRESOLVED,,,,,
https://www.mcpserver.in/glossary/mcp-audit-logger-103,/glossary/mcp-audit-logger-103,/glossary,2026-08-03,True,True,False,1,0.0,0.0,0.0,0.0,,,,,,,UNRESOLVED,,,,,
https://www.mcpserver.in/glossary/mcp-auth-provider-18,/glossary/mcp-auth-provider-18,/glossary,2026-08-03,True,True,False,1,0.0,0.0,0.0,0.0,,,,,,,UNRESOLVED,,,,,
https://www.mcpserver.in/glossary/mcp-auto-scaling-0,/glossary/mcp-auto-scaling-0,/glossary,2026-07-21,True,True,False,1,0.0,0.0,0.0,0.0,,,,,,,UNRESOLVED,,,,,
https://www.mcpserver.in/glossary/mcp-autogen,/glossary/mcp-autogen,/glossary,2026-08-03,True,True,False,1,0.0,0.0,0.0,0.0,,,,,,,UNRESOLVED,,,,,
https://www.mcpserver.in/glossary/mcp-autogpt,/glossary/mcp-autogpt,/glossary,2026-08-03,True,True,False,1,0.0,0.0,0.0,0.0,,,,,,,UNRESOLVED,,,,,
https://www.mcpserver.in/glossary/mcp-babyagi,/glossary/mcp-babyagi,/glossary,2026-08-03,True,True,False,1,0.0,0.0,0.0,0.0,,,,,,,UNRESOLVED,,,,,
https://www.mcpserver.in/glossary/mcp-batch-processing-34,/glossary/mcp-batch-processing-34,/glossary,2026-08-03,True,True,False,1,0.0,0.0,0.0,0.0,,,,,,,UNRESOLVED,,,,,
https://www.mcpserver.in/glossary/mcp-bengali-support,/glossary/mcp-bengali-support,/glossary,2026-08-13,True,True,False,1,0.0,0.0,0.0,0.0,,,,,,,UNRESOLVED,,,,,
https://www.mcpserver.in/glossary/mcp-bigcommerce,/glossary/mcp-bigcommerce,/glossary,2026-07-21,True,True,True,2,0.0,0.0,0.0,0.0,,,,,,,UNRESOLVED,,,,,
https://www.mcpserver.in/glossary/mcp-block-storage-22,/glossary/mcp-block-storage-22,/glossary,2026-08-03,True,True,False,1,0.0,0.0,0.0,0.0,,,,,,,UNRESOLVED,,,,,
https://www.mcpserver.in/glossary/mcp-cache-layer-135,/glossary/mcp-cache-layer-135,/glossary,2026-08-03,False,True,True,1,0.0,1.0,0.0,11.0,,,,,,,UNRESOLVED,,,,,
https://www.mcpserver.in/glossary/mcp-cache-layer-9,/glossary/mcp-cache-layer-9,/glossary,2026-08-03,True,True,False,1,0.0,0.0,0.0,0.0,,,,,,,UNRESOLVED,,,,,
https://www.mcpserver.in/glossary/mcp-callback-handler-74,/glossary/mcp-callback-handler-74,/glossary,2026-08-03,True,True,False,1,0.0,0.0,0.0,0.0,,,,,,,UNRESOLVED,,,,,
https://www.mcpserver.in/glossary/mcp-canary-deploy-40,/glossary/mcp-canary-deploy-40,/glossary,2026-08-03,True,True,False,1,0.0,0.0,0.0,0.0,,,,,,,UNRESOLVED,,,,,
https://www.mcpserver.in/glossary/mcp-cancel,/glossary/mcp-cancel,/glossary,2026-08-03,True,True,False,1,0.0,0.0,0.0,0.0,,,,,,,UNRESOLVED,,,,,
https://www.mcpserver.in/glossary/mcp-capability-negotiation,/glossary/mcp-capability-negotiation,/glossary,2026-08-03,True,True,False,1,0.0,0.0,0.0,0.0,,,,,,,UNRESOLVED,,,,,
https://www.mcpserver.in/glossary/mcp-cdn-service-4,/glossary/mcp-cdn-service-4,/glossary,2026-08-04,True,True,False,1,0.0,1.0,0.0,3.0,,,,,,,UNRESOLVED,,,,,
https://www.mcpserver.in/glossary/mcp-certificate-manager-48,/glossary/mcp-certificate-manager-48,/glossary,2026-08-03,True,True,False,1,0.0,0.0,0.0,0.0,,,,,,,UNRESOLVED,,,,,
https://www.mcpserver.in/glossary/mcp-client,/glossary/mcp-client,/glossary,2026-08-03,True,True,False,1,0.0,0.0,0.0,0.0,,,,,,,UNRESOLVED,,,,,
https://www.mcpserver.in/glossary/mcp-client-capabilities,/glossary/mcp-client-capabilities,/glossary,2026-08-03,True,True,False,1,0.0,0.0,0.0,0.0,,,,,,,UNRESOLVED,,,,,
https://www.mcpserver.in/glossary/mcp-compliance-checker-104,/glossary/mcp-compliance-checker-104,/glossary,2026-08-03,True,True,False,1,0.0,0.0,0.0,0.0,,,,,,,UNRESOLVED,,,,,
https://www.mcpserver.in/glossary/mcp-config-map-46,/glossary/mcp-config-map-46,/glossary,2026-08-03,True,True,False,1,0.0,0.0,0.0,0.0,,,,,,,UNRESOLVED,,,,,
https://www.mcpserver.in/glossary/mcp-container-registry-1,/glossary/mcp-container-registry-1,/glossary,2026-08-03,True,True,False,1,0.0,0.0,0.0,0.0,,,,,,,UNRESOLVED,,,,,
https://www.mcpserver.in/glossary/mcp-container-registry-127,/glossary/mcp-container-registry-127,/glossary,2026-07-21,False,True,True,1,0.0,0.0,0.0,0.0,,,,,,,UNRESOLVED,,,,,
https://www.mcpserver.in/glossary/mcp-cursor-editor,/glossary/mcp-cursor-editor,/glossary,2026-08-03,True,True,False,1,0.0,0.0,0.0,0.0,,,,,,,UNRESOLVED,,,,,
https://www.mcpserver.in/glossary/mcp-data-localization,/glossary/mcp-data-localization,/glossary,2026-08-03,True,True,False,1,0.0,0.0,0.0,0.0,,,,,,,UNRESOLVED,,,,,
https://www.mcpserver.in/glossary/mcp-data-migrator-60,/glossary/mcp-data-migrator-60,/glossary,2026-08-03,True,True,False,1,0.0,0.0,0.0,0.0,,,,,,,UNRESOLVED,,,,,
https://www.mcpserver.in/glossary/mcp-data-pipeline-31,/glossary/mcp-data-pipeline-31,/glossary,2026-08-03,True,True,False,1,0.0,0.0,0.0,0.0,,,,,,,UNRESOLVED,,,,,
https://www.mcpserver.in/glossary/mcp-data-validator-117,/glossary/mcp-data-validator-117,/glossary,2026-08-03,True,True,False,1,0.0,0.0,0.0,0.0,,,,,,,UNRESOLVED,,,,,
https://www.mcpserver.in/glossary/mcp-database-service-23,/glossary/mcp-database-service-23,/glossary,2026-08-03,True,True,False,1,0.0,0.0,0.0,0.0,,,,,,,UNRESOLVED,,,,,
https://www.mcpserver.in/glossary/mcp-datadog,/glossary/mcp-datadog,/glossary,2026-08-03,True,True,False,1,0.0,0.0,0.0,0.0,,,,,,,UNRESOLVED,,,,,
https://www.mcpserver.in/glossary/mcp-decision-engine-111,/glossary/mcp-decision-engine-111,/glossary,2026-07-21,False,True,True,1,0.0,0.0,0.0,0.0,,,,,,,UNRESOLVED,,,,,
https://www.mcpserver.in/glossary/mcp-dependency-check-107,/glossary/mcp-dependency-check-107,/glossary,2026-08-03,True,True,False,1,0.0,0.0,0.0,0.0,,,,,,,UNRESOLVED,,,,,
https://www.mcpserver.in/glossary/mcp-disaster-recovery-57,/glossary/mcp-disaster-recovery-57,/glossary,2026-08-03,True,True,False,1,0.0,6.0,0.0,7.330000000000001,,,,,,,UNRESOLVED,,,,,
https://www.mcpserver.in/glossary/mcp-discovery,/glossary/mcp-discovery,/glossary,2026-08-03,True,True,False,1,0.0,0.0,0.0,0.0,,,,,,,UNRESOLVED,,,,,
https://www.mcpserver.in/glossary/mcp-dns-provider-3,/glossary/mcp-dns-provider-3,/glossary,2026-08-03,True,True,False,1,0.0,0.0,0.0,0.0,,,,,,,UNRESOLVED,,,,,
https://www.mcpserver.in/glossary/mcp-dynamodb,/glossary/mcp-dynamodb,/glossary,2026-08-03,True,True,False,1,0.0,0.0,0.0,0.0,,,,,,,UNRESOLVED,,,,,
https://www.mcpserver.in/glossary/mcp-elicitation,/glossary/mcp-elicitation,/glossary,2026-08-03,True,True,False,1,0.0,0.0,0.0,0.0,,,,,,,UNRESOLVED,,,,,
https://www.mcpserver.in/glossary/mcp-email-service-70,/glossary/mcp-email-service-70,/glossary,2026-08-03,True,True,False,1,0.0,0.0,0.0,0.0,,,,,,,UNRESOLVED,,,,,
https://www.mcpserver.in/glossary/mcp-event-bus-6,/glossary/mcp-event-bus-6,/glossary,2026-08-03,True,True,False,1,0.0,0.0,0.0,0.0,,,,,,,UNRESOLVED,,,,,
https://www.mcpserver.in/glossary/mcp-event-processor-63,/glossary/mcp-event-processor-63,/glossary,2026-08-03,True,True,False,1,0.0,0.0,0.0,0.0,,,,,,,UNRESOLVED,,,,,
https://www.mcpserver.in/glossary/mcp-excel,/glossary/mcp-excel,/glossary,2026-08-04,True,True,False,1,0.0,0.0,0.0,0.0,,,,,,,UNRESOLVED,,,,,
https://www.mcpserver.in/glossary/mcp-experiment-tracker-37,/glossary/mcp-experiment-tracker-37,/glossary,2026-08-03,True,True,False,1,0.0,0.0,0.0,0.0,,,,,,,UNRESOLVED,,,,,
https://www.mcpserver.in/glossary/mcp-file-storage-20,/glossary/mcp-file-storage-20,/glossary,2026-08-03,True,True,False,1,0.0,0.0,0.0,0.0,,,,,,,UNRESOLVED,,,,,
https://www.mcpserver.in/glossary/mcp-file-watcher-75,/glossary/mcp-file-watcher-75,/glossary,2026-07-21,True,True,False,1,0.0,0.0,0.0,0.0,,,,,,,UNRESOLVED,,,,,
https://www.mcpserver.in/glossary/mcp-freshdesk,/glossary/mcp-freshdesk,/glossary,2026-08-04,True,True,False,1,0.0,0.0,0.0,0.0,,,,,,,UNRESOLVED,,,,,
https://www.mcpserver.in/glossary/mcp-function-orchestrator-53,/glossary/mcp-function-orchestrator-53,/glossary,2026-08-03,True,True,False,1,0.0,0.0,0.0,0.0,,,,,,,UNRESOLVED,,,,,
https://www.mcpserver.in/glossary/mcp-gdpr,/glossary/mcp-gdpr,/glossary,2026-07-21,True,True,False,1,0.0,0.0,0.0,0.0,,,,,,,UNRESOLVED,,,,,
https://www.mcpserver.in/glossary/mcp-gitlab,/glossary/mcp-gitlab,/glossary,2026-08-03,True,True,False,1,0.0,0.0,0.0,0.0,,,,,,,UNRESOLVED,,,,,
https://www.mcpserver.in/glossary/mcp-graceful-shutdown,/glossary/mcp-graceful-shutdown,/glossary,2026-08-03,True,True,False,1,0.0,0.0,0.0,0.0,,,,,,,UNRESOLVED,,,,,
https://www.mcpserver.in/glossary/mcp-grafana-dashboards,/glossary/mcp-grafana-dashboards,/glossary,2026-08-03,True,True,False,1,0.0,0.0,0.0,0.0,,,,,,,UNRESOLVED,,,,,
https://www.mcpserver.in/glossary/mcp-graph-database-27,/glossary/mcp-graph-database-27,/glossary,2026-08-03,True,True,False,1,0.0,0.0,0.0,0.0,,,,,,,UNRESOLVED,,,,,
https://www.mcpserver.in/glossary/mcp-graphql-gateway-79,/glossary/mcp-graphql-gateway-79,/glossary,2026-08-03,True,True,False,1,0.0,0.0,0.0,0.0,,,,,,,UNRESOLVED,,,,,
https://www.mcpserver.in/glossary/mcp-health-check-43,/glossary/mcp-health-check-43,/glossary,2026-08-03,True,True,False,1,0.0,0.0,0.0,0.0,,,,,,,UNRESOLVED,,,,,
https://www.mcpserver.in/glossary/mcp-hindi-support,/glossary/mcp-hindi-support,/glossary,2026-08-12,True,True,False,1,0.0,0.0,0.0,0.0,,,,,,,UNRESOLVED,,,,,
https://www.mcpserver.in/glossary/mcp-http-cache-50,/glossary/mcp-http-cache-50,/glossary,2026-08-03,True,True,False,1,0.0,0.0,0.0,0.0,,,,,,,UNRESOLVED,,,,,
https://www.mcpserver.in/glossary/mcp-hyperparameter-tune-38,/glossary/mcp-hyperparameter-tune-38,/glossary,2026-08-03,True,True,False,1,0.0,0.0,0.0,0.0,,,,,,,UNRESOLVED,,,,,
https://www.mcpserver.in/glossary/mcp-identity-service-145,/glossary/mcp-identity-service-145,/glossary,2026-08-03,False,True,True,1,0.0,0.0,0.0,0.0,,,,,,,UNRESOLVED,,,,,
https://www.mcpserver.in/glossary/mcp-identity-service-19,/glossary/mcp-identity-service-19,/glossary,2026-08-04,True,True,False,1,0.0,0.0,0.0,0.0,,,,,,,UNRESOLVED,,,,,
https://www.mcpserver.in/glossary/mcp-india-banking,/glossary/mcp-india-banking,/glossary,2026-07-21,True,True,False,1,0.0,1.0,0.0,6.0,,,,,,,UNRESOLVED,,,,,
https://www.mcpserver.in/glossary/mcp-india-ecommerce,/glossary/mcp-india-ecommerce,/glossary,2026-08-05,True,True,False,1,0.0,0.0,0.0,0.0,,,,,,,UNRESOLVED,,,,,
https://www.mcpserver.in/glossary/mcp-india-education,/glossary/mcp-india-education,/glossary,2026-08-11,True,True,False,1,0.0,2.0,0.0,43.5,,,,,,,UNRESOLVED,,,,,
https://www.mcpserver.in/glossary/mcp-india-healthcare,/glossary/mcp-india-healthcare,/glossary,2026-08-12,True,True,False,1,0.0,0.0,0.0,0.0,,,,,,,UNRESOLVED,,,,,
https://www.mcpserver.in/glossary/mcp-india-latency,/glossary/mcp-india-latency,/glossary,2026-08-03,True,True,False,1,0.0,0.0,0.0,0.0,,,,,,,UNRESOLVED,,,,,
https://www.mcpserver.in/glossary/mcp-indian-languages,/glossary/mcp-indian-languages,/glossary,2026-08-03,True,True,False,1,0.0,0.0,0.0,0.0,,,,,,,UNRESOLVED,,,,,
https://www.mcpserver.in/glossary/mcp-initialization,/glossary/mcp-initialization,/glossary,2026-08-03,True,True,False,1,0.0,0.0,0.0,0.0,,,,,,,UNRESOLVED,,,,,
https://www.mcpserver.in/glossary/mcp-inspector,/glossary/mcp-inspector,/glossary,2026-08-03,True,True,False,1,0.0,0.0,0.0,0.0,,,,,,,UNRESOLVED,,,,,
https://www.mcpserver.in/glossary/mcp-intercom,/glossary/mcp-intercom,/glossary,2026-08-11,True,True,False,1,0.0,0.0,0.0,0.0,,,,,,,UNRESOLVED,,,,,
https://www.mcpserver.in/glossary/mcp-iso-27001,/glossary/mcp-iso-27001,/glossary,2026-07-21,True,True,False,1,0.0,0.0,0.0,0.0,,,,,,,UNRESOLVED,,,,,
https://www.mcpserver.in/glossary/mcp-json-schema,/glossary/mcp-json-schema,/glossary,2026-08-03,True,True,False,1,0.0,0.0,0.0,0.0,,,,,,,UNRESOLVED,,,,,
https://www.mcpserver.in/glossary/mcp-key-rotation,/glossary/mcp-key-rotation,/glossary,2026-08-03,True,True,False,1,0.0,0.0,0.0,0.0,,,,,,,UNRESOLVED,,,,,
https://www.mcpserver.in/glossary/mcp-key-value-store-26,/glossary/mcp-key-value-store-26,/glossary,2026-08-03,True,True,False,1,0.0,0.0,0.0,0.0,,,,,,,UNRESOLVED,,,,,
https://www.mcpserver.in/glossary/mcp-license-checker-108,/glossary/mcp-license-checker-108,/glossary,2026-08-03,True,True,False,1,0.0,0.0,0.0,0.0,,,,,,,UNRESOLVED,,,,,
https://www.mcpserver.in/glossary/mcp-liveness-probe-45,/glossary/mcp-liveness-probe-45,/glossary,2026-08-03,True,True,False,1,0.0,0.0,0.0,0.0,,,,,,,UNRESOLVED,,,,,
https://www.mcpserver.in/glossary/mcp-load-balancer-15,/glossary/mcp-load-balancer-15,/glossary,2026-08-03,True,True,False,1,0.0,0.0,0.0,0.0,,,,,,,UNRESOLVED,,,,,
https://www.mcpserver.in/glossary/mcp-log-aggregator-65,/glossary/mcp-log-aggregator-65,/glossary,2026-08-03,True,True,False,1,0.0,0.0,0.0,0.0,,,,,,,UNRESOLVED,,,,,
https://www.mcpserver.in/glossary/mcp-log-rotation-99,/glossary/mcp-log-rotation-99,/glossary,2026-08-03,True,True,False,1,0.0,0.0,0.0,0.0,,,,,,,UNRESOLVED,,,,,
https://www.mcpserver.in/glossary/mcp-logging-service-13,/glossary/mcp-logging-service-13,/glossary,2026-08-03,True,True,False,1,0.0,1.0,0.0,12.0,,,,,,,UNRESOLVED,,,,,
https://www.mcpserver.in/glossary/mcp-message-broker-5,/glossary/mcp-message-broker-5,/glossary,2026-08-03,True,True,False,1,0.0,0.0,0.0,0.0,,,,,,,UNRESOLVED,,,,,
https://www.mcpserver.in/glossary/mcp-message-router-62,/glossary/mcp-message-router-62,/glossary,2026-08-03,True,True,False,1,0.0,0.0,0.0,0.0,,,,,,,UNRESOLVED,,,,,
https://www.mcpserver.in/glossary/mcp-metric-collector-66,/glossary/mcp-metric-collector-66,/glossary,2026-08-03,True,True,False,1,0.0,0.0,0.0,0.0,,,,,,,UNRESOLVED,,,,,
https://www.mcpserver.in/glossary/mcp-metric-export-101,/glossary/mcp-metric-export-101,/glossary,2026-08-03,True,True,False,1,0.0,0.0,0.0,0.0,,,,,,,UNRESOLVED,,,,,
https://www.mcpserver.in/glossary/mcp-milvus,/glossary/mcp-milvus,/glossary,2026-08-03,True,True,False,1,0.0,0.0,0.0,0.0,,,,,,,UNRESOLVED,,,,,
https://www.mcpserver.in/glossary/mcp-ml-model-serving-156,/glossary/mcp-ml-model-serving-156,/glossary,2026-07-21,False,True,True,1,0.0,0.0,0.0,0.0,,,,,,,UNRESOLVED,,,,,
https://www.mcpserver.in/glossary/mcp-ml-model-serving-30,/glossary/mcp-ml-model-serving-30,/glossary,2026-08-03,True,True,False,1,0.0,0.0,0.0,0.0,,,,,,,UNRESOLVED,,,,,
https://www.mcpserver.in/glossary/mcp-model-registry-162,/glossary/mcp-model-registry-162,/glossary,2026-08-03,False,True,True,1,0.0,5.0,0.0,67.8,,,,,,,UNRESOLVED,,,,,
https://www.mcpserver.in/glossary/mcp-monitoring-tool-12,/glossary/mcp-monitoring-tool-12,/glossary,2026-08-03,True,True,False,1,0.0,0.0,0.0,0.0,,,,,,,UNRESOLVED,,,,,
https://www.mcpserver.in/glossary/mcp-newrelic,/glossary/mcp-newrelic,/glossary,2026-08-03,True,True,False,1,0.0,0.0,0.0,0.0,,,,,,,UNRESOLVED,,,,,
https://www.mcpserver.in/glossary/mcp-nosql-db-24,/glossary/mcp-nosql-db-24,/glossary,2026-08-03,True,True,False,1,0.0,0.0,0.0,0.0,,,,,,,UNRESOLVED,,,,,
https://www.mcpserver.in/glossary/mcp-notification-service-69,/glossary/mcp-notification-service-69,/glossary,2026-08-03,True,True,False,1,0.0,0.0,0.0,0.0,,,,,,,UNRESOLVED,,,,,
https://www.mcpserver.in/glossary/mcp-object-store-21,/glossary/mcp-object-store-21,/glossary,2026-08-03,True,True,False,1,0.0,0.0,0.0,0.0,,,,,,,UNRESOLVED,,,,,
https://www.mcpserver.in/glossary/mcp-on-premise,/glossary/mcp-on-premise,/glossary,2026-08-03,True,True,False,1,0.0,0.0,0.0,0.0,,,,,,,UNRESOLVED,,,,,
https://www.mcpserver.in/glossary/mcp-p95-latency,/glossary/mcp-p95-latency,/glossary,2026-08-07,True,True,False,1,0.0,0.0,0.0,0.0,,,,,,,UNRESOLVED,,,,,
https://www.mcpserver.in/glossary/mcp-params,/glossary/mcp-params,/glossary,2026-08-03,True,True,False,1,0.0,0.0,0.0,0.0,,,,,,,UNRESOLVED,,,,,
https://www.mcpserver.in/glossary/mcp-pinecone,/glossary/mcp-pinecone,/glossary,2026-08-03,True,True,False,1,0.0,0.0,0.0,0.0,,,,,,,UNRESOLVED,,,,,
https://www.mcpserver.in/glossary/mcp-pm2-process-manager,/glossary/mcp-pm2-process-manager,/glossary,2026-08-13,True,True,False,1,0.0,0.0,0.0,0.0,,,,,,,UNRESOLVED,,,,,
https://www.mcpserver.in/glossary/mcp-policy-engine-109,/glossary/mcp-policy-engine-109,/glossary,2026-08-03,True,True,False,1,0.0,0.0,0.0,0.0,,,,,,,UNRESOLVED,,,,,
https://www.mcpserver.in/glossary/mcp-polling-service-88,/glossary/mcp-polling-service-88,/glossary,2026-08-03,True,True,False,1,0.0,0.0,0.0,0.0,,,,,,,UNRESOLVED,,,,,
https://www.mcpserver.in/glossary/mcp-private-cloud,/glossary/mcp-private-cloud,/glossary,2026-08-03,True,True,False,1,0.0,0.0,0.0,0.0,,,,,,,UNRESOLVED,,,,,
https://www.mcpserver.in/glossary/mcp-process-monitor-97,/glossary/mcp-process-monitor-97,/glossary,2026-08-03,True,True,False,1,0.0,0.0,0.0,0.0,,,,,,,UNRESOLVED,,,,,
https://www.mcpserver.in/glossary/mcp-process-restart-98,/glossary/mcp-process-restart-98,/glossary,2026-08-03,True,True,False,1,0.0,0.0,0.0,0.0,,,,,,,UNRESOLVED,,,,,
https://www.mcpserver.in/glossary/mcp-progress,/glossary/mcp-progress,/glossary,2026-08-03,True,True,False,1,0.0,0.0,0.0,0.0,,,,,,,UNRESOLVED,,,,,
https://www.mcpserver.in/glossary/mcp-prometheus,/glossary/mcp-prometheus,/glossary,2026-08-03,True,True,False,1,0.0,0.0,0.0,0.0,,,,,,,UNRESOLVED,,,,,
https://www.mcpserver.in/glossary/mcp-prompt-argument,/glossary/mcp-prompt-argument,/glossary,2026-08-03,True,True,False,1,0.0,0.0,0.0,0.0,,,,,,,UNRESOLVED,,,,,
https://www.mcpserver.in/glossary/mcp-prompt-list-changed,/glossary/mcp-prompt-list-changed,/glossary,2026-08-03,True,True,False,1,0.0,0.0,0.0,0.0,,,,,,,UNRESOLVED,,,,,
https://www.mcpserver.in/glossary/mcp-pubsub-system-90,/glossary/mcp-pubsub-system-90,/glossary,2026-08-03,True,True,False,1,0.0,0.0,0.0,0.0,,,,,,,UNRESOLVED,,,,,
https://www.mcpserver.in/glossary/mcp-push-notification-72,/glossary/mcp-push-notification-72,/glossary,2026-08-03,True,True,False,1,0.0,0.0,0.0,0.0,,,,,,,UNRESOLVED,,,,,
https://www.mcpserver.in/glossary/mcp-qdrant,/glossary/mcp-qdrant,/glossary,2026-08-05,True,True,False,1,0.0,0.0,0.0,0.0,,,,,,,UNRESOLVED,,,,,
https://www.mcpserver.in/glossary/mcp-range-validator-121,/glossary/mcp-range-validator-121,/glossary,2026-07-21,False,True,True,1,0.0,0.0,0.0,0.0,,,,,,,UNRESOLVED,,,,,
https://www.mcpserver.in/glossary/mcp-rbi-guidelines,/glossary/mcp-rbi-guidelines,/glossary,2026-08-08,True,True,False,1,0.0,0.0,0.0,0.0,,,,,,,UNRESOLVED,,,,,
https://www.mcpserver.in/glossary/mcp-readiness-probe-44,/glossary/mcp-readiness-probe-44,/glossary,2026-08-03,True,True,False,1,0.0,0.0,0.0,0.0,,,,,,,UNRESOLVED,,,,,
https://www.mcpserver.in/glossary/mcp-reddit-api,/glossary/mcp-reddit-api,/glossary,2026-08-03,True,True,False,1,0.0,0.0,0.0,0.0,,,,,,,UNRESOLVED,,,,,
https://www.mcpserver.in/glossary/mcp-reddit-pipeline,/glossary/mcp-reddit-pipeline,/glossary,2026-08-03,True,True,False,1,0.0,0.0,0.0,0.0,,,,,,,UNRESOLVED,,,,,
https://www.mcpserver.in/glossary/mcp-reddit-sentiment,/glossary/mcp-reddit-sentiment,/glossary,2026-08-03,True,True,False,1,0.0,0.0,0.0,0.0,,,,,,,UNRESOLVED,,,,,
https://www.mcpserver.in/glossary/mcp-reddit-trends,/glossary/mcp-reddit-trends,/glossary,2026-08-03,True,True,False,1,0.0,0.0,0.0,0.0,,,,,,,UNRESOLVED,,,,,
https://www.mcpserver.in/glossary/mcp-replication-service-58,/glossary/mcp-replication-service-58,/glossary,2026-08-02,True,True,True,2,0.0,0.0,0.0,0.0,,,,,,,UNRESOLVED,,,,,
https://www.mcpserver.in/glossary/mcp-request-id,/glossary/mcp-request-id,/glossary,2026-08-03,True,True,False,1,0.0,1.0,0.0,10.0,,,,,,,UNRESOLVED,,,,,
https://www.mcpserver.in/glossary/mcp-resource-contents,/glossary/mcp-resource-contents,/glossary,2026-08-12,True,True,False,1,0.0,0.0,0.0,0.0,,,,,,,UNRESOLVED,,,,,
https://www.mcpserver.in/glossary/mcp-resource-list-changed,/glossary/mcp-resource-list-changed,/glossary,2026-08-11,True,True,False,1,0.0,0.0,0.0,0.0,,,,,,,UNRESOLVED,,,,,
https://www.mcpserver.in/glossary/mcp-resource-template,/glossary/mcp-resource-template,/glossary,2026-08-03,True,True,False,1,0.0,0.0,0.0,0.0,,,,,,,UNRESOLVED,,,,,
https://www.mcpserver.in/glossary/mcp-resource-updated,/glossary/mcp-resource-updated,/glossary,2026-08-05,True,True,True,2,0.0,0.0,0.0,0.0,,,,,,,UNRESOLVED,,,,,
https://www.mcpserver.in/glossary/mcp-result,/glossary/mcp-result,/glossary,2026-07-21,True,True,False,1,0.0,0.0,0.0,0.0,,,,,,,UNRESOLVED,,,,,
https://www.mcpserver.in/glossary/mcp-retry-logic,/glossary/mcp-retry-logic,/glossary,2026-08-03,True,True,False,1,0.0,0.0,0.0,0.0,,,,,,,UNRESOLVED,,,,,
https://www.mcpserver.in/glossary/mcp-roots,/glossary/mcp-roots,/glossary,2026-08-03,True,True,False,1,0.0,0.0,0.0,0.0,,,,,,,UNRESOLVED,,,,,
https://www.mcpserver.in/glossary/mcp-rule-engine-110,/glossary/mcp-rule-engine-110,/glossary,2026-08-03,True,True,False,1,0.0,0.0,0.0,0.0,,,,,,,UNRESOLVED,,,,,
https://www.mcpserver.in/glossary/mcp-schema-registry-61,/glossary/mcp-schema-registry-61,/glossary,2026-08-04,True,True,False,1,0.0,0.0,0.0,0.0,,,,,,,UNRESOLVED,,,,,
https://www.mcpserver.in/glossary/mcp-schema-validator-118,/glossary/mcp-schema-validator-118,/glossary,2026-08-03,True,True,False,1,0.0,0.0,0.0,0.0,,,,,,,UNRESOLVED,,,,,
https://www.mcpserver.in/glossary/mcp-search-engine-10,/glossary/mcp-search-engine-10,/glossary,2026-08-03,True,True,False,1,0.0,0.0,0.0,0.0,,,,,,,UNRESOLVED,,,,,
https://www.mcpserver.in/glossary/mcp-search-engine-136,/glossary/mcp-search-engine-136,/glossary,2026-07-21,False,True,True,1,0.0,0.0,0.0,0.0,,,,,,,UNRESOLVED,,,,,
https://www.mcpserver.in/glossary/mcp-sebi-compliance,/glossary/mcp-sebi-compliance,/glossary,2026-08-03,True,True,False,1,0.0,1.0,0.0,31.0,,,,,,,UNRESOLVED,,,,,
https://www.mcpserver.in/glossary/mcp-secret-management-2,/glossary/mcp-secret-management-2,/glossary,2026-07-21,True,True,False,1,0.0,0.0,0.0,0.0,,,,,,,UNRESOLVED,,,,,
https://www.mcpserver.in/glossary/mcp-secrets-manager,/glossary/mcp-secrets-manager,/glossary,2026-08-11,True,True,False,1,0.0,0.0,0.0,0.0,,,,,,,UNRESOLVED,,,,,
https://www.mcpserver.in/glossary/mcp-security-scanner-105,/glossary/mcp-security-scanner-105,/glossary,2026-08-03,True,True,False,1,0.0,0.0,0.0,0.0,,,,,,,UNRESOLVED,,,,,
https://www.mcpserver.in/glossary/mcp-self-hosted,/glossary/mcp-self-hosted,/glossary,2026-08-03,True,True,False,1,0.0,0.0,0.0,0.0,,,,,,,UNRESOLVED,,,,,
https://www.mcpserver.in/glossary/mcp-server,/glossary/mcp-server,/glossary,2026-08-03,True,True,False,1,0.0,0.0,0.0,0.0,,,,,,,UNRESOLVED,,,,,
https://www.mcpserver.in/glossary/mcp-serverless-func-52,/glossary/mcp-serverless-func-52,/glossary,2026-08-03,True,True,False,1,0.0,0.0,0.0,0.0,,,,,,,UNRESOLVED,,,,,
https://www.mcpserver.in/glossary/mcp-sms-gateway-71,/glossary/mcp-sms-gateway-71,/glossary,2026-08-03,True,True,False,1,0.0,0.0,0.0,0.0,,,,,,,UNRESOLVED,,,,,
https://www.mcpserver.in/glossary/mcp-soc-2,/glossary/mcp-soc-2,/glossary,2026-08-01,True,True,False,1,0.0,0.0,0.0,0.0,,,,,,,UNRESOLVED,,,,,
https://www.mcpserver.in/glossary/mcp-socket-adapter-87,/glossary/mcp-socket-adapter-87,/glossary,2026-08-03,True,True,False,1,0.0,0.0,0.0,0.0,,,,,,,UNRESOLVED,,,,,
https://www.mcpserver.in/glossary/mcp-sse-gateway-85,/glossary/mcp-sse-gateway-85,/glossary,2026-08-03,True,True,False,1,0.0,0.0,0.0,0.0,,,,,,,UNRESOLVED,,,,,
https://www.mcpserver.in/glossary/mcp-ssl-terminator-49,/glossary/mcp-ssl-terminator-49,/glossary,2026-08-03,True,True,False,1,0.0,0.0,0.0,0.0,,,,,,,UNRESOLVED,,,,,
https://www.mcpserver.in/glossary/mcp-stream-aggregator-64,/glossary/mcp-stream-aggregator-64,/glossary,2026-07-26,True,True,True,2,0.0,0.0,0.0,0.0,,,,,,,UNRESOLVED,,,,,
https://www.mcpserver.in/glossary/mcp-stream-processing-159,/glossary/mcp-stream-processing-159,/glossary,2026-07-21,False,True,True,1,0.0,0.0,0.0,0.0,,,,,,,UNRESOLVED,,,,,
https://www.mcpserver.in/glossary/mcp-stream-processing-33,/glossary/mcp-stream-processing-33,/glossary,2026-08-03,True,True,False,1,0.0,0.0,0.0,0.0,,,,,,,UNRESOLVED,,,,,
https://www.mcpserver.in/glossary/mcp-subscription-manager-89,/glossary/mcp-subscription-manager-89,/glossary,2026-07-21,True,True,False,1,0.0,0.0,0.0,0.0,,,,,,,UNRESOLVED,,,,,
https://www.mcpserver.in/glossary/mcp-sync-engine-59,/glossary/mcp-sync-engine-59,/glossary,2026-08-03,True,True,False,1,0.0,0.0,0.0,0.0,,,,,,,UNRESOLVED,,,,,
https://www.mcpserver.in/glossary/mcp-systemd-service,/glossary/mcp-systemd-service,/glossary,2026-08-03,True,True,False,1,0.0,0.0,0.0,0.0,,,,,,,UNRESOLVED,,,,,
https://www.mcpserver.in/glossary/mcp-task-queue-7,/glossary/mcp-task-queue-7,/glossary,2026-08-03,True,True,False,1,0.0,0.0,0.0,0.0,,,,,,,UNRESOLVED,,,,,
https://www.mcpserver.in/glossary/mcp-task-runner-93,/glossary/mcp-task-runner-93,/glossary,2026-08-03,True,True,False,1,0.0,1.0,0.0,4.0,,,,,,,UNRESOLVED,,,,,
https://www.mcpserver.in/glossary/mcp-teams,/glossary/mcp-teams,/glossary,2026-08-03,True,True,False,1,0.0,0.0,0.0,0.0,,,,,,,UNRESOLVED,,,,,
https://www.mcpserver.in/glossary/mcp-telugu-support,/glossary/mcp-telugu-support,/glossary,2026-08-12,True,True,False,1,0.0,0.0,0.0,0.0,,,,,,,UNRESOLVED,,,,,
https://www.mcpserver.in/glossary/mcp-thread-pool-95,/glossary/mcp-thread-pool-95,/glossary,2026-08-03,True,True,False,1,0.0,0.0,0.0,0.0,,,,,,,UNRESOLVED,,,,,
https://www.mcpserver.in/glossary/mcp-timeout,/glossary/mcp-timeout,/glossary,2026-08-03,True,True,False,1,0.0,2.0,0.0,6.5,,,,,,,UNRESOLVED,,,,,
https://www.mcpserver.in/glossary/mcp-tool-error,/glossary/mcp-tool-error,/glossary,2026-08-11,True,True,False,1,0.0,0.0,0.0,0.0,,,,,,,UNRESOLVED,,,,,
https://www.mcpserver.in/glossary/mcp-tool-input-schema,/glossary/mcp-tool-input-schema,/glossary,2026-08-03,True,True,False,1,0.0,0.0,0.0,0.0,,,,,,,UNRESOLVED,,,,,
https://www.mcpserver.in/glossary/mcp-tool-list-changed,/glossary/mcp-tool-list-changed,/glossary,2026-08-03,True,True,False,1,0.0,1.0,0.0,7.0,,,,,,,UNRESOLVED,,,,,
https://www.mcpserver.in/glossary/mcp-tool-output-schema,/glossary/mcp-tool-output-schema,/glossary,2026-07-21,True,True,False,1,0.0,0.0,0.0,0.0,,,,,,,UNRESOLVED,,,,,
https://www.mcpserver.in/glossary/mcp-tool-result,/glossary/mcp-tool-result,/glossary,2026-08-03,True,True,False,1,0.0,0.0,0.0,0.0,,,,,,,UNRESOLVED,,,,,
https://www.mcpserver.in/glossary/mcp-trace-collector-67,/glossary/mcp-trace-collector-67,/glossary,2026-08-03,True,True,False,1,0.0,0.0,0.0,0.0,,,,,,,UNRESOLVED,,,,,
https://www.mcpserver.in/glossary/mcp-trace-export-102,/glossary/mcp-trace-export-102,/glossary,2026-08-03,True,True,False,1,0.0,0.0,0.0,0.0,,,,,,,UNRESOLVED,,,,,
https://www.mcpserver.in/glossary/mcp-traffic-manager-16,/glossary/mcp-traffic-manager-16,/glossary,2026-08-03,True,True,False,1,0.0,0.0,0.0,0.0,,,,,,,UNRESOLVED,,,,,
https://www.mcpserver.in/glossary/mcp-udp-proxy-83,/glossary/mcp-udp-proxy-83,/glossary,2026-07-21,True,True,False,1,0.0,0.0,0.0,0.0,,,,,,,UNRESOLVED,,,,,
https://www.mcpserver.in/glossary/mcp-uri-scheme,/glossary/mcp-uri-scheme,/glossary,2026-08-03,True,True,False,1,0.0,0.0,0.0,0.0,,,,,,,UNRESOLVED,,,,,
https://www.mcpserver.in/glossary/mcp-vector-store-29,/glossary/mcp-vector-store-29,/glossary,2026-08-03,True,True,False,1,0.0,0.0,0.0,0.0,,,,,,,UNRESOLVED,,,,,
https://www.mcpserver.in/glossary/mcp-vscode,/glossary/mcp-vscode,/glossary,2026-08-03,True,True,False,1,0.0,1.0,0.0,11.0,,,,,,,UNRESOLVED,,,,,
https://www.mcpserver.in/glossary/mcp-vulnerability-scan-106,/glossary/mcp-vulnerability-scan-106,/glossary,2026-08-03,True,True,False,1,0.0,0.0,0.0,0.0,,,,,,,UNRESOLVED,,,,,
https://www.mcpserver.in/glossary/mcp-web-scraper-77,/glossary/mcp-web-scraper-77,/glossary,2026-08-03,True,True,False,1,0.0,0.0,0.0,0.0,,,,,,,UNRESOLVED,,,,,
https://www.mcpserver.in/glossary/mcp-webhook-receiver-73,/glossary/mcp-webhook-receiver-73,/glossary,2026-08-03,True,True,False,1,0.0,1.0,0.0,4.0,,,,,,,UNRESOLVED,,,,,
https://www.mcpserver.in/glossary/mcp-websocket-server-86,/glossary/mcp-websocket-server-86,/glossary,2026-08-03,True,True,False,1,0.0,0.0,0.0,0.0,,,,,,,UNRESOLVED,,,,,
https://www.mcpserver.in/glossary/mcp-worker-pool-94,/glossary/mcp-worker-pool-94,/glossary,2026-08-03,True,True,False,1,0.0,0.0,0.0,0.0,,,,,,,UNRESOLVED,,,,,
https://www.mcpserver.in/glossary/mcp-workflow-engine-8,/glossary/mcp-workflow-engine-8,/glossary,2026-08-03,True,True,False,1,0.0,0.0,0.0,0.0,,,,,,,UNRESOLVED,,,,,
https://www.mcpserver.in/glossary/mcp-zed-editor,/glossary/mcp-zed-editor,/glossary,2026-08-03,True,True,False,1,0.0,0.0,0.0,0.0,,,,,,,UNRESOLVED,,,,,
https://www.mcpserver.in/glossary/milvus-mcp,/glossary/milvus-mcp,/glossary,2026-08-03,True,True,False,1,0.0,0.0,0.0,0.0,,,,,,,UNRESOLVED,,,,,
https://www.mcpserver.in/glossary/new-relic-mcp,/glossary/new-relic-mcp,/glossary,2026-08-03,True,True,False,1,0.0,2.0,0.0,9.5,,,,,,,UNRESOLVED,,,,,
https://www.mcpserver.in/glossary/oauth,/glossary/oauth,/glossary,2026-08-03,True,True,False,1,0.0,0.0,0.0,0.0,,,,,,,UNRESOLVED,,,,,
https://www.mcpserver.in/glossary/pinecone-mcp,/glossary/pinecone-mcp,/glossary,2026-08-03,True,True,False,1,0.0,0.0,0.0,0.0,,,,,,,UNRESOLVED,,,,,
https://www.mcpserver.in/glossary/prometheus-mcp,/glossary/prometheus-mcp,/glossary,2026-08-03,True,True,False,1,0.0,0.0,0.0,0.0,,,,,,,UNRESOLVED,,,,,
https://www.mcpserver.in/glossary/prompt-engineering,/glossary/prompt-engineering,/glossary,2026-08-03,True,True,False,1,0.0,0.0,0.0,0.0,,,,,,,UNRESOLVED,,,,,
https://www.mcpserver.in/glossary/qdrant-mcp,/glossary/qdrant-mcp,/glossary,2026-07-21,True,True,True,2,0.0,0.0,0.0,0.0,,,,,,,UNRESOLVED,,,,,
https://www.mcpserver.in/glossary/rag,/glossary/rag,/glossary,2026-07-21,True,True,False,1,0.0,0.0,0.0,0.0,,,,,,,UNRESOLVED,,,,,
https://www.mcpserver.in/glossary/react,/glossary/react,/glossary,2026-08-03,True,True,False,1,0.0,0.0,0.0,0.0,,,,,,,UNRESOLVED,,,,,
https://www.mcpserver.in/glossary/rlhf,/glossary/rlhf,/glossary,2026-08-03,True,True,False,1,0.0,0.0,0.0,0.0,,,,,,,UNRESOLVED,,,,,
https://www.mcpserver.in/glossary/ros,/glossary/ros,/glossary,2026-08-03,True,True,False,1,0.0,0.0,0.0,0.0,,,,,,,UNRESOLVED,,,,,
https://www.mcpserver.in/glossary/semantic-search,/glossary/semantic-search,/glossary,2026-08-03,True,True,False,1,0.0,0.0,0.0,0.0,,,,,,,UNRESOLVED,,,,,
https://www.mcpserver.in/glossary/simulation-mcp,/glossary/simulation-mcp,/glossary,2026-08-08,True,True,True,2,0.0,0.0,0.0,0.0,,,,,,,UNRESOLVED,,,,,
https://www.mcpserver.in/glossary/sla-monitoring,/glossary/sla-monitoring,/glossary,2026-08-08,True,True,False,1,0.0,0.0,0.0,0.0,,,,,,,UNRESOLVED,,,,,
https://www.mcpserver.in/glossary/snowflake-mcp,/glossary/snowflake-mcp,/glossary,2026-08-03,True,True,True,2,0.0,0.0,0.0,0.0,,,,,,,UNRESOLVED,,,,,
https://www.mcpserver.in/glossary/splunk-mcp,/glossary/splunk-mcp,/glossary,2026-08-03,True,True,False,1,0.0,0.0,0.0,0.0,,,,,,,UNRESOLVED,,,,,
https://www.mcpserver.in/glossary/stdio,/glossary/stdio,/glossary,2026-08-03,True,True,True,2,0.0,1.0,0.0,11.0,,,,,,,UNRESOLVED,,,,,
https://www.mcpserver.in/glossary/streamable-http,/glossary/streamable-http,/glossary,2026-08-03,True,True,True,2,0.0,0.0,0.0,0.0,,,,,,,UNRESOLVED,,,,,
https://www.mcpserver.in/glossary/supabase-mcp,/glossary/supabase-mcp,/glossary,2026-08-03,True,True,False,1,0.0,0.0,0.0,0.0,,,,,,,UNRESOLVED,,,,,
https://www.mcpserver.in/glossary/system-prompt,/glossary/system-prompt,/glossary,2026-08-03,True,True,False,1,0.0,0.0,0.0,0.0,,,,,,,UNRESOLVED,,,,,
https://www.mcpserver.in/glossary/temperature,/glossary/temperature,/glossary,2026-08-03,True,True,False,1,0.0,0.0,0.0,0.0,,,,,,,UNRESOLVED,,,,,
https://www.mcpserver.in/glossary/terraform-mcp,/glossary/terraform-mcp,/glossary,2026-08-03,True,True,False,1,0.0,0.0,0.0,0.0,,,,,,,UNRESOLVED,,,,,
https://www.mcpserver.in/glossary/tokenizer,/glossary/tokenizer,/glossary,2026-08-03,True,True,False,1,0.0,0.0,0.0,0.0,,,,,,,UNRESOLVED,,,,,
https://www.mcpserver.in/glossary/tool,/glossary/tool,/glossary,2026-07-20,False,True,True,1,0.0,0.0,0.0,0.0,,,,,,,UNRESOLVED,,,,,
https://www.mcpserver.in/glossary/tool-calling,/glossary/tool-calling,/glossary,2026-08-03,True,True,False,1,0.0,0.0,0.0,0.0,,,,,,,UNRESOLVED,,,,,
https://www.mcpserver.in/glossary/top-p-nucleus-sampling,/glossary/top-p-nucleus-sampling,/glossary,2026-08-03,True,True,False,1,0.0,0.0,0.0,0.0,,,,,,,UNRESOLVED,,,,,
https://www.mcpserver.in/glossary/vector-database,/glossary/vector-database,/glossary,2026-08-09,True,True,False,1,0.0,0.0,0.0,0.0,,,,,,,UNRESOLVED,,,,,
https://www.mcpserver.in/glossary/vision-language-model,/glossary/vision-language-model,/glossary,2026-08-03,True,True,False,1,0.0,0.0,0.0,0.0,,,,,,,UNRESOLVED,,,,,
https://www.mcpserver.in/glossary/weaviate-mcp,/glossary/weaviate-mcp,/glossary,2026-08-03,True,True,False,1,0.0,0.0,0.0,0.0,,,,,,,UNRESOLVED,,,,,
https://www.mcpserver.in/glossary/whisper,/glossary/whisper,/glossary,2026-08-04,True,True,False,1,0.0,0.0,0.0,0.0,,,,,,,UNRESOLVED,,,,,
https://www.mcpserver.in/hi,/hi,/hi,2026-08-06,True,True,False,1,0.0,0.0,0.0,0.0,,,,,,,UNRESOLVED,,,,,
https://www.mcpserver.in/hosting,/hosting,/hosting,2026-08-15,True,True,False,1,0.0,0.0,0.0,0.0,,,,,,,UNRESOLVED,,,,,
https://www.mcpserver.in/how-to-build-mcp-server,/how-to-build-mcp-server,/how-to-build-mcp-server,2026-08-06,True,True,False,1,0.0,0.0,0.0,0.0,,,,,,,UNRESOLVED,,,,,
https://www.mcpserver.in/integrations,/integrations,/integrations,2026-08-18,True,True,False,2,0.0,8.0,0.0,60.0,,,,,,,UNRESOLVED,,,,,
https://www.mcpserver.in/integrations/confluence-mcp-server,/integrations/confluence-mcp-server,/integrations,2026-08-06,True,True,False,1,0.0,1.0,0.0,5.0,,,,,,,UNRESOLVED,,,,,
https://www.mcpserver.in/integrations/figma-mcp-server,/integrations/figma-mcp-server,/integrations,2026-08-06,True,True,False,1,0.0,0.0,0.0,0.0,,,,,,,UNRESOLVED,,,,,
https://www.mcpserver.in/integrations/github-mcp-server,/integrations/github-mcp-server,/integrations,2026-08-06,True,True,False,1,0.0,1.0,0.0,85.0,,,,,,,UNRESOLVED,,,,,
https://www.mcpserver.in/integrations/gitlab-mcp-server,/integrations/gitlab-mcp-server,/integrations,2026-08-06,True,True,False,1,0.0,0.0,0.0,0.0,,,,,,,UNRESOLVED,,,,,
https://www.mcpserver.in/integrations/gmail-mcp-server,/integrations/gmail-mcp-server,/integrations,2026-08-06,True,True,False,1,0.0,1.0,0.0,11.0,,,,,,,UNRESOLVED,,,,,
https://www.mcpserver.in/integrations/google-drive-mcp-server,/integrations/google-drive-mcp-server,/integrations,2026-08-06,True,True,False,1,0.0,1.0,0.0,10.0,,,,,,,UNRESOLVED,,,,,
https://www.mcpserver.in/integrations/hubspot-mcp-server,/integrations/hubspot-mcp-server,/integrations,2026-08-06,True,True,False,1,0.0,1.0,0.0,9.0,,,,,,,UNRESOLVED,,,,,
https://www.mcpserver.in/integrations/linear-mcp-server,/integrations/linear-mcp-server,/integrations,2026-08-06,True,True,False,1,0.0,0.0,0.0,0.0,,,,,,,UNRESOLVED,,,,,
https://www.mcpserver.in/integrations/n8n-mcp-server,/integrations/n8n-mcp-server,/integrations,2026-08-06,True,True,False,1,0.0,1.0,0.0,53.0,,,,,,,UNRESOLVED,,,,,
https://www.mcpserver.in/integrations/notion-mcp-server,/integrations/notion-mcp-server,/integrations,2026-08-06,True,True,False,1,0.0,0.0,0.0,0.0,,,,,,,UNRESOLVED,,,,,
https://www.mcpserver.in/integrations/salesforce-mcp-server,/integrations/salesforce-mcp-server,/integrations,2026-08-06,True,True,False,1,0.0,1.0,0.0,7.0,,,,,,,UNRESOLVED,,,,,
https://www.mcpserver.in/integrations/sentry-mcp-server,/integrations/sentry-mcp-server,/integrations,2026-08-06,True,True,False,1,0.0,0.0,0.0,0.0,,,,,,,UNRESOLVED,,,,,
https://www.mcpserver.in/integrations/shopify-mcp-server,/integrations/shopify-mcp-server,/integrations,2026-08-06,True,True,False,1,0.0,0.0,0.0,0.0,,,,,,,UNRESOLVED,,,,,
https://www.mcpserver.in/integrations/wordpress-mcp-server,/integrations/wordpress-mcp-server,/integrations,2026-08-06,True,True,False,1,0.0,0.0,0.0,0.0,,,,,,,UNRESOLVED,,,,,
https://www.mcpserver.in/learn,/learn,/learn,2026-08-03,True,True,False,1,0.0,2.0,0.0,51.0,,,,,,,UNRESOLVED,,,,,
https://www.mcpserver.in/learn/dpdp-compliance-guide,/learn/dpdp-compliance-guide,/learn,2026-08-03,False,True,True,1,0.0,0.0,0.0,0.0,,,,,,,UNRESOLVED,,,,,
https://www.mcpserver.in/learn/india-mcp-benchmarks,/learn/india-mcp-benchmarks,/learn,2026-08-03,False,True,True,1,0.0,0.0,0.0,0.0,,,,,,,UNRESOLVED,,,,,
https://www.mcpserver.in/learn/indic-nlp-guide,/learn/indic-nlp-guide,/learn,2026-07-21,False,True,True,1,0.0,10.0,0.0,27.9,,,,,,,UNRESOLVED,,,,,
https://www.mcpserver.in/learn/mcp-production-deployment,/learn/mcp-production-deployment,/learn,2026-08-03,False,True,True,1,0.0,1.0,0.0,10.0,,,,,,,UNRESOLVED,,,,,
https://www.mcpserver.in/mcp-claude,/mcp-claude,/mcp-claude,2026-08-03,True,True,False,1,0.0,0.0,0.0,0.0,,,,,,,UNRESOLVED,,,,,
https://www.mcpserver.in/mcp-host,/mcp-host,/mcp-host,2026-08-06,True,True,False,1,0.0,0.0,0.0,0.0,,,,,,,UNRESOLVED,,,,,
https://www.mcpserver.in/mcp-industry-government-education,/mcp-industry-government-education,/mcp-industry-government-education,2026-07-20,False,True,True,1,0.0,0.0,0.0,0.0,,,,,,,UNRESOLVED,,,,,
https://www.mcpserver.in/mcp-installation,/mcp-installation,/mcp-installation,2026-08-03,True,True,True,2,0.0,0.0,0.0,0.0,,,,,,,UNRESOLVED,,,,,
https://www.mcpserver.in/mcp-sentiment-analysis,/mcp-sentiment-analysis,/mcp-sentiment-analysis,2026-08-03,True,True,False,1,0.0,0.0,0.0,0.0,,,,,,,UNRESOLVED,,,,,
https://www.mcpserver.in/mcp-server,/mcp-server,/mcp-server,2026-07-22,True,True,False,1,0.0,2.0,0.0,30.5,,,,,,,UNRESOLVED,,,,,
https://www.mcpserver.in/mcp-server-directory,/mcp-server-directory,/mcp-server-directory,2026-08-09,True,True,False,1,0.0,0.0,0.0,0.0,,,,,,,UNRESOLVED,,,,,
https://www.mcpserver.in/mcp-server-hosting,/mcp-server-hosting,/mcp-server-hosting,2026-08-06,True,True,False,1,0.0,0.0,0.0,0.0,,,,,,,UNRESOLVED,,,,,
https://www.mcpserver.in/mcp-tools,/mcp-tools,/mcp-tools,2026-08-03,True,True,False,1,0.0,0.0,0.0,0.0,,,,,,,UNRESOLVED,,,,,
https://www.mcpserver.in/p99,/p99,/p99,2026-08-04,True,True,False,1,0.0,0.0,0.0,0.0,,,,,,,UNRESOLVED,,,,,
https://www.mcpserver.in/privacy,/privacy,/privacy,2026-07-24,True,True,False,1,0.0,0.0,0.0,0.0,,,,,,,UNRESOLVED,,,,,
https://www.mcpserver.in/research/mcp-directories,/research/mcp-directories,/research,2026-08-14,True,True,False,1,0.0,0.0,0.0,0.0,,,,,,,UNRESOLVED,,,,,
https://www.mcpserver.in/sdk/go,/sdk/go,/sdk,2026-08-06,True,True,False,1,0.0,0.0,0.0,0.0,,,,,,,UNRESOLVED,,,,,
https://www.mcpserver.in/sdk/java,/sdk/java,/sdk,2026-08-06,True,True,False,1,0.0,8.0,0.0,24.25,,,,,,,UNRESOLVED,,,,,
https://www.mcpserver.in/sdk/python,/sdk/python,/sdk,2026-08-06,True,True,False,1,0.0,1.0,0.0,9.0,,,,,,,UNRESOLVED,,,,,
https://www.mcpserver.in/sdk/typescript,/sdk/typescript,/sdk,2026-08-06,True,True,False,1,0.0,11.0,0.0,34.09,,,,,,,UNRESOLVED,,,,,
https://www.mcpserver.in/security,/security,/security,2026-07-24,True,True,False,1,0.0,0.0,0.0,0.0,,,,,,,UNRESOLVED,,,,,
https://www.mcpserver.in/security/api-keys,/security/api-keys,/security,2026-08-06,True,True,False,1,0.0,0.0,0.0,0.0,,,,,,,UNRESOLVED,,,,,
https://www.mcpserver.in/security/audit-logging,/security/audit-logging,/security,2026-08-06,True,True,False,1,0.0,0.0,0.0,0.0,,,,,,,UNRESOLVED,,,,,
https://www.mcpserver.in/security/authentication,/security/authentication,/security,2026-08-06,True,True,False,1,0.0,0.0,0.0,0.0,,,,,,,UNRESOLVED,,,,,
https://www.mcpserver.in/security/authorization,/security/authorization,/security,2026-08-06,True,True,False,1,0.0,0.0,0.0,0.0,,,,,,,UNRESOLVED,,,,,
https://www.mcpserver.in/security/oauth,/security/oauth,/security,2026-08-06,True,True,False,1,0.0,0.0,0.0,0.0,,,,,,,UNRESOLVED,,,,,
https://www.mcpserver.in/security/tool-poisoning,/security/tool-poisoning,/security,2026-08-06,True,True,False,1,0.0,0.0,0.0,0.0,,,,,,,UNRESOLVED,,,,,
https://www.mcpserver.in/servers/asana-mcp-server,/servers/asana-mcp-server,/servers,2026-08-05,True,True,False,1,0.0,1.0,0.0,10.0,,,,,,,UNRESOLVED,,,,,
https://www.mcpserver.in/servers/azure-mcp-server,/servers/azure-mcp-server,/servers,2026-08-03,True,True,False,1,0.0,1.0,0.0,9.0,,,,,,,UNRESOLVED,,,,,
https://www.mcpserver.in/servers/bitbucket-mcp-server,/servers/bitbucket-mcp-server,/servers,2026-08-03,True,True,False,1,0.0,0.0,0.0,0.0,,,,,,,UNRESOLVED,,,,,
https://www.mcpserver.in/servers/digitalocean-mcp-server,/servers/digitalocean-mcp-server,/servers,2026-08-06,True,True,False,1,0.0,0.0,0.0,0.0,,,,,,,UNRESOLVED,,,,,
https://www.mcpserver.in/servers/discord-mcp-server,/servers/discord-mcp-server,/servers,2026-08-03,True,True,False,1,0.0,1.0,0.0,29.0,,,,,,,UNRESOLVED,,,,,
https://www.mcpserver.in/servers/docker-mcp-server,/servers/docker-mcp-server,/servers,2026-08-03,True,True,False,1,0.0,0.0,0.0,0.0,,,,,,,UNRESOLVED,,,,,
https://www.mcpserver.in/servers/elasticsearch-mcp-server,/servers/elasticsearch-mcp-server,/servers,2026-08-03,True,True,False,1,0.0,0.0,0.0,0.0,,,,,,,UNRESOLVED,,,,,
https://www.mcpserver.in/servers/figma-mcp-server,/servers/figma-mcp-server,/servers,2026-08-03,True,True,False,1,0.0,0.0,0.0,0.0,,,,,,,UNRESOLVED,,,,,
https://www.mcpserver.in/servers/gitbook-mcp-server,/servers/gitbook-mcp-server,/servers,2026-08-10,True,True,True,2,0.0,1.0,0.0,8.0,,,,,,,UNRESOLVED,,,,,
https://www.mcpserver.in/servers/github-mcp-server,/servers/github-mcp-server,/servers,2026-08-03,True,True,False,1,0.0,0.0,0.0,0.0,,,,,,,UNRESOLVED,,,,,
https://www.mcpserver.in/servers/google-calendar-mcp-server,/servers/google-calendar-mcp-server,/servers,2026-08-05,True,True,False,1,0.0,3.0,0.0,9.67,,,,,,,UNRESOLVED,,,,,
https://www.mcpserver.in/servers/google-cloud-mcp-server,/servers/google-cloud-mcp-server,/servers,2026-08-03,True,True,False,1,0.0,0.0,0.0,0.0,,,,,,,UNRESOLVED,,,,,
https://www.mcpserver.in/servers/google-docs-mcp-server,/servers/google-docs-mcp-server,/servers,2026-07-20,False,True,True,1,0.0,0.0,0.0,0.0,,,,,,,UNRESOLVED,,,,,
https://www.mcpserver.in/servers/google-drive-mcp-server,/servers/google-drive-mcp-server,/servers,2026-08-03,True,True,False,1,0.0,0.0,0.0,0.0,,,,,,,UNRESOLVED,,,,,
https://www.mcpserver.in/servers/google-gemini-mcp-server,/servers/google-gemini-mcp-server,/servers,2026-08-05,True,True,False,1,0.0,1.0,0.0,6.0,,,,,,,UNRESOLVED,,,,,
https://www.mcpserver.in/servers/grafana-mcp-server,/servers/grafana-mcp-server,/servers,2026-08-06,True,True,False,1,0.0,0.0,0.0,0.0,,,,,,,UNRESOLVED,,,,,
https://www.mcpserver.in/servers/jenkins-mcp-server,/servers/jenkins-mcp-server,/servers,2026-08-10,True,True,False,1,0.0,0.0,0.0,0.0,,,,,,,UNRESOLVED,,,,,
https://www.mcpserver.in/servers/jira-mcp-server,/servers/jira-mcp-server,/servers,2026-08-04,True,True,False,1,0.0,0.0,0.0,0.0,,,,,,,UNRESOLVED,,,,,
https://www.mcpserver.in/servers/mistral-mcp-server,/servers/mistral-mcp-server,/servers,2026-08-12,True,True,False,1,0.0,0.0,0.0,0.0,,,,,,,UNRESOLVED,,,,,
https://www.mcpserver.in/servers/newrelic-mcp-server,/servers/newrelic-mcp-server,/servers,2026-08-05,True,True,False,1,0.0,0.0,0.0,0.0,,,,,,,UNRESOLVED,,,,,
https://www.mcpserver.in/servers/notion-mcp-server,/servers/notion-mcp-server,/servers,2026-08-03,True,True,False,1,0.0,0.0,0.0,0.0,,,,,,,UNRESOLVED,,,,,
https://www.mcpserver.in/servers/pinecone-mcp-server,/servers/pinecone-mcp-server,/servers,2026-08-07,True,True,False,1,0.0,0.0,0.0,0.0,,,,,,,UNRESOLVED,,,,,
https://www.mcpserver.in/servers/postgres-mcp-server,/servers/postgres-mcp-server,/servers,2026-08-04,True,True,False,1,0.0,0.0,0.0,0.0,,,,,,,UNRESOLVED,,,,,
https://www.mcpserver.in/servers/razorpay-mcp-server,/servers/razorpay-mcp-server,/servers,2026-08-05,True,True,False,1,0.0,0.0,0.0,0.0,,,,,,,UNRESOLVED,,,,,
https://www.mcpserver.in/servers/redis-mcp-server,/servers/redis-mcp-server,/servers,2026-08-05,True,True,False,1,0.0,0.0,0.0,0.0,,,,,,,UNRESOLVED,,,,,
https://www.mcpserver.in/servers/slack-mcp-server,/servers/slack-mcp-server,/servers,2026-08-03,True,True,False,1,0.0,0.0,0.0,0.0,,,,,,,UNRESOLVED,,,,,
https://www.mcpserver.in/servers/sqlite-mcp-server,/servers/sqlite-mcp-server,/servers,2026-08-03,True,True,False,1,0.0,0.0,0.0,0.0,,,,,,,UNRESOLVED,,,,,
https://www.mcpserver.in/servers/supabase-mcp-server,/servers/supabase-mcp-server,/servers,2026-08-03,True,True,True,2,0.0,0.0,0.0,0.0,,,,,,,UNRESOLVED,,,,,
https://www.mcpserver.in/servers/swagger-mcp-server,/servers/swagger-mcp-server,/servers,2026-08-03,True,True,False,1,0.0,0.0,0.0,0.0,,,,,,,UNRESOLVED,,,,,
https://www.mcpserver.in/state-of-mcp,/state-of-mcp,/state-of-mcp,2026-08-15,True,True,False,2,0.0,2.0,0.0,18.0,,,,,,,UNRESOLVED,,,,,
https://www.mcpserver.in/terms,/terms,/terms,2026-08-18,True,True,False,2,0.0,0.0,0.0,0.0,,,,,,,UNRESOLVED,,,,,
https://www.mcpserver.in/tools/mcp-config-validator,/tools/mcp-config-validator,/tools,2026-08-03,True,True,False,1,0.0,0.0,0.0,0.0,,,,,,,UNRESOLVED,,,,,
https://www.mcpserver.in/tools/mcp-sdk-workbench,/tools/mcp-sdk-workbench,/tools,2026-08-06,True,True,False,1,0.0,0.0,0.0,0.0,,,,,,,UNRESOLVED,,,,,
https://www.mcpserver.in/topics/azure-mcp-hosting,/topics/azure-mcp-hosting,/topics,2026-07-21,True,True,False,1,0.0,0.0,0.0,0.0,,,,,,,UNRESOLVED,,,,,
https://www.mcpserver.in/troubleshooting/claude-desktop-mcp-not-working,/troubleshooting/claude-desktop-mcp-not-working,/troubleshooting,2026-08-06,True,True,False,1,0.0,56.0,0.0,25.2,,,,,,,UNRESOLVED,,,,,
https://www.mcpserver.in/troubleshooting/cursor-mcp-not-working,/troubleshooting/cursor-mcp-not-working,/troubleshooting,2026-08-06,True,True,False,1,0.0,1.0,0.0,5.0,,,,,,,UNRESOLVED,,,,,
https://www.mcpserver.in/troubleshooting/mcp-authentication-failed,/troubleshooting/mcp-authentication-failed,/troubleshooting,2026-08-06,True,True,False,1,0.0,0.0,0.0,0.0,,,,,,,UNRESOLVED,,,,,
https://www.mcpserver.in/troubleshooting/mcp-server-timeout,/troubleshooting/mcp-server-timeout,/troubleshooting,2026-08-06,True,True,False,1,0.0,1.0,0.0,1.0,,,,,,,UNRESOLVED,,,,,
https://www.mcpserver.in/troubleshooting/mcp-stdio-error,/troubleshooting/mcp-stdio-error,/troubleshooting,2026-08-06,True,True,False,1,0.0,0.0,0.0,0.0,,,,,,,UNRESOLVED,,,,,
https://www.mcpserver.in/troubleshooting/mcp-tools-not-appearing,/troubleshooting/mcp-tools-not-appearing,/troubleshooting,2026-08-07,True,True,False,1,0.0,0.0,0.0,0.0,,,,,,,UNRESOLVED,,,,,
https://www.mcpserver.in/what-is-mcp,/what-is-mcp,/what-is-mcp,2026-08-03,True,True,False,1,0.0,1.0,0.0,8.0,,,,,,,UNRESOLVED,,,,,
