legacy_url,legacy_path,legacy_family,new_canonical_path,pillar,page_type,priority,last_crawled,gsc_submitted,gsc_indexed,indexed_not_submitted,variant_count,clicks,impressions,ctr,position,source_file_exists,current_http_status,current_canonical,target_pillar_id,target_topic,search_intent,migration_action,target_url,redirect_required,evidence_status,publication_status,notes
"https://www.mcpserver.in/","/","/","/","home","core","P0","2026-08-15","True","True","False",1,0,1,0,10,"","","","","","","UNRESOLVED","","","","",""
"https://www.mcpserver.in/about","/about","/about","/about","about","trust","P0","2026-08-16","True","True","False",2,0,1,0,10,"","","","","","","UNRESOLVED","","","","",""
"https://www.mcpserver.in/best/mcp-servers","/best/mcp-servers","/best","/guides/best-mcp-servers","guides","guide","P1","2026-08-06","True","True","False",1,0,11,0,49.91,"","","","","","","UNRESOLVED","","","","",""
"https://www.mcpserver.in/best/mcp-servers-for-developers","/best/mcp-servers-for-developers","/best","/guides/best-mcp-servers","guides","guide","P1","2026-08-06","True","True","False",1,0,2,0,1,"","","","","","","UNRESOLVED","","","","",""
"https://www.mcpserver.in/blog","/blog","/blog","/404","unknown","unmapped","P3","2026-08-16","True","True","False",2,0,0,0,0,"","","","","","","UNRESOLVED","","","","",""
"https://www.mcpserver.in/blog/aajtak-mcp-india","/blog/aajtak-mcp-india","/blog","/blog/[slug]","blog","legacy-blog","P2","2026-08-09","True","True","True",2,0,2,0,5,"","","","","","","UNRESOLVED","","","","",""
"https://www.mcpserver.in/blog/aiims-mcp-india","/blog/aiims-mcp-india","/blog","/blog/[slug]","blog","legacy-blog","P2","2026-08-08","True","True","True",2,0,0,0,0,"","","","","","","UNRESOLVED","","","","",""
"https://www.mcpserver.in/blog/airtel-mcp-india","/blog/airtel-mcp-india","/blog","/blog/[slug]","blog","legacy-blog","P2","2026-08-10","True","True","True",2,0,0,0,0,"","","","","","","UNRESOLVED","","","","",""
"https://www.mcpserver.in/blog/amazon-india-mcp","/blog/amazon-india-mcp","/blog","/blog/[slug]","blog","legacy-blog","P2","2026-08-09","True","True","True",2,0,9,0,14.553333333333333,"","","","","","","UNRESOLVED","","","","",""
"https://www.mcpserver.in/blog/angel-broking-mcp-india","/blog/angel-broking-mcp-india","/blog","/blog/[slug]","blog","legacy-blog","P2","2026-08-09","True","True","True",2,0,6,0,7,"","","","","","","UNRESOLVED","","","","",""
"https://www.mcpserver.in/blog/apollo-mcp-india","/blog/apollo-mcp-india","/blog","/blog/[slug]","blog","legacy-blog","P2","2026-08-08","True","True","True",2,0,0,0,0,"","","","","","","UNRESOLVED","","","","",""
"https://www.mcpserver.in/blog/aubank-mcp-india","/blog/aubank-mcp-india","/blog","/blog/[slug]","blog","legacy-blog","P2","2026-08-03","True","True","False",1,0,3,0,2.67,"","","","","","","UNRESOLVED","","","","",""
"https://www.mcpserver.in/blog/axis-bank-mcp-india","/blog/axis-bank-mcp-india","/blog","/blog/[slug]","blog","legacy-blog","P2","2026-08-08","True","True","False",1,0,0,0,0,"","","","","","","UNRESOLVED","","","","",""
"https://www.mcpserver.in/blog/axis-bank-mcp-server","/blog/axis-bank-mcp-server","/blog","/blog/[slug]","blog","legacy-blog","P2","2026-08-09","True","True","True",2,0,1,0,7,"","","","","","","UNRESOLVED","","","","",""
"https://www.mcpserver.in/blog/best-mcp-server-tutorials","/blog/best-mcp-server-tutorials","/blog","/blog/[slug]","blog","legacy-blog","P2","2026-08-09","True","True","False",1,0,0,0,0,"","","","","","","UNRESOLVED","","","","",""
"https://www.mcpserver.in/blog/bigbasket-mcp-india","/blog/bigbasket-mcp-india","/blog","/blog/[slug]","blog","legacy-blog","P2","2026-08-09","True","True","True",2,0,0,0,0,"","","","","","","UNRESOLVED","","","","",""
"https://www.mcpserver.in/blog/billdesk-mcp-india","/blog/billdesk-mcp-india","/blog","/blog/[slug]","blog","legacy-blog","P2","2026-08-09","True","True","True",2,0,0,0,0,"","","","","","","UNRESOLVED","","","","",""
"https://www.mcpserver.in/blog/blinkit-mcp-india","/blog/blinkit-mcp-india","/blog","/blog/[slug]","blog","legacy-blog","P2","2026-08-09","True","True","True",2,0,10,0,2.9,"","","","","","","UNRESOLVED","","","","",""
"https://www.mcpserver.in/blog/bse-mcp-server-india","/blog/bse-mcp-server-india","/blog","/blog/[slug]","blog","legacy-blog","P2","2026-08-09","False","True","True",1,0,1,0,13,"","","","","","","UNRESOLVED","","","","",""
"https://www.mcpserver.in/blog/canara-bank-mcp-india","/blog/canara-bank-mcp-india","/blog","/blog/[slug]","blog","legacy-blog","P2","2026-08-04","True","True","False",1,0,1,0,11,"","","","","","","UNRESOLVED","","","","",""
"https://www.mcpserver.in/blog/chromadb-mcp-server-open-source","/blog/chromadb-mcp-server-open-source","/blog","/blog/[slug]","blog","legacy-blog","P2","2026-08-03","True","True","False",1,0,0,0,0,"","","","","","","UNRESOLVED","","","","",""
"https://www.mcpserver.in/blog/cluster/getting-started","/blog/cluster/getting-started","/blog","/blog/[slug]","blog","legacy-blog","P2","2026-08-03","False","True","True",1,0,0,0,0,"","","","","","","UNRESOLVED","","","","",""
"https://www.mcpserver.in/blog/cluster/integrations-tools","/blog/cluster/integrations-tools","/blog","/blog/[slug]","blog","legacy-blog","P2","2026-08-09","False","True","True",1,0,0,0,0,"","","","","","","UNRESOLVED","","","","",""
"https://www.mcpserver.in/blog/cluster/security-production","/blog/cluster/security-production","/blog","/blog/[slug]","blog","legacy-blog","P2","2026-08-03","False","True","True",1,0,0,0,0,"","","","","","","UNRESOLVED","","","","",""
"https://www.mcpserver.in/blog/cluster/ugc-community-hub","/blog/cluster/ugc-community-hub","/blog","/blog/[slug]","blog","legacy-blog","P2","2026-07-27","False","True","True",1,0,0,0,0,"","","","","","","UNRESOLVED","","","","",""
"https://www.mcpserver.in/blog/delhivery-mcp-india","/blog/delhivery-mcp-india","/blog","/blog/[slug]","blog","legacy-blog","P2","2026-08-08","True","True","True",2,0,7,0,7,"","","","","","","UNRESOLVED","","","","",""
"https://www.mcpserver.in/blog/dhan-mcp-fo-trading","/blog/dhan-mcp-fo-trading","/blog","/blog/[slug]","blog","legacy-blog","P2","2026-08-09","True","True","True",2,0,48,0,9.183958333333335,"","","","","","","UNRESOLVED","","","","",""
"https://www.mcpserver.in/blog/dhl-india-mcp","/blog/dhl-india-mcp","/blog","/blog/[slug]","blog","legacy-blog","P2","2026-08-08","True","True","True",2,0,1,0,8,"","","","","","","UNRESOLVED","","","","",""
"https://www.mcpserver.in/blog/dunzo-mcp-india","/blog/dunzo-mcp-india","/blog","/blog/[slug]","blog","legacy-blog","P2","2026-08-10","True","True","True",2,0,0,0,0,"","","","","","","UNRESOLVED","","","","",""
"https://www.mcpserver.in/blog/ecom-express-mcp-india","/blog/ecom-express-mcp-india","/blog","/blog/[slug]","blog","legacy-blog","P2","2026-08-08","True","True","True",2,0,0,0,0,"","","","","","","UNRESOLVED","","","","",""
"https://www.mcpserver.in/blog/federal-bank-mcp-kerala","/blog/federal-bank-mcp-kerala","/blog","/blog/[slug]","blog","legacy-blog","P2","2026-08-08","True","True","True",2,0,0,0,0,"","","","","","","UNRESOLVED","","","","",""
"https://www.mcpserver.in/blog/fedex-india-mcp","/blog/fedex-india-mcp","/blog","/blog/[slug]","blog","legacy-blog","P2","2026-08-08","True","True","True",2,0,0,0,0,"","","","","","","UNRESOLVED","","","","",""
"https://www.mcpserver.in/blog/fivepaisa-mcp-india","/blog/fivepaisa-mcp-india","/blog","/blog/[slug]","blog","legacy-blog","P2","2026-08-09","True","True","True",2,0,1,0,9,"","","","","","","UNRESOLVED","","","","",""
"https://www.mcpserver.in/blog/flipkart-mcp-india","/blog/flipkart-mcp-india","/blog","/blog/[slug]","blog","legacy-blog","P2","2026-08-10","True","True","True",2,1,4,0.25,4.5,"","","","","","","UNRESOLVED","","","","",""
"https://www.mcpserver.in/blog/fortis-mcp-india","/blog/fortis-mcp-india","/blog","/blog/[slug]","blog","legacy-blog","P2","2026-08-08","True","True","True",2,0,0,0,0,"","","","","","","UNRESOLVED","","","","",""
"https://www.mcpserver.in/blog/goibibo-mcp-india","/blog/goibibo-mcp-india","/blog","/blog/[slug]","blog","legacy-blog","P2","2026-08-09","True","True","True",2,0,6,0,12.333333333333334,"","","","","","","UNRESOLVED","","","","",""
"https://www.mcpserver.in/blog/google-pay-mcp-india","/blog/google-pay-mcp-india","/blog","/blog/[slug]","blog","legacy-blog","P2","2026-08-12","True","True","True",2,0,2,0,8,"","","","","","","UNRESOLVED","","","","",""
"https://www.mcpserver.in/blog/groww-mcp-investments","/blog/groww-mcp-investments","/blog","/blog/[slug]","blog","legacy-blog","P2","2026-08-11","True","True","True",2,0,11,0,8.82090909090909,"","","","","","","UNRESOLVED","","","","",""
"https://www.mcpserver.in/blog/hcl-mcp-india","/blog/hcl-mcp-india","/blog","/blog/[slug]","blog","legacy-blog","P2","2026-08-09","True","True","True",2,0,1,0,9,"","","","","","","UNRESOLVED","","","","",""
"https://www.mcpserver.in/blog/hdfc-bank-mcp-india","/blog/hdfc-bank-mcp-india","/blog","/blog/[slug]","blog","legacy-blog","P2","2026-08-09","True","True","True",2,2,5,0.4,2.602,"","","","","","","UNRESOLVED","","","","",""
"https://www.mcpserver.in/blog/hdfc-ergo-mcp","/blog/hdfc-ergo-mcp","/blog","/blog/[slug]","blog","legacy-blog","P2","2026-08-12","True","True","True",2,0,3,0,11,"","","","","","","UNRESOLVED","","","","",""
"https://www.mcpserver.in/blog/hotstar-mcp-india","/blog/hotstar-mcp-india","/blog","/blog/[slug]","blog","legacy-blog","P2","2026-08-07","True","True","False",1,0,1,0,10,"","","","","","","UNRESOLVED","","","","",""
"https://www.mcpserver.in/blog/how-to-build-mcp-server-for-elasticsearch","/blog/how-to-build-mcp-server-for-elasticsearch","/blog","/blog/[slug]","blog","legacy-blog","P2","2026-08-03","True","True","False",1,0,0,0,0,"","","","","","","UNRESOLVED","","","","",""
"https://www.mcpserver.in/blog/how-to-build-mcp-server-for-postgresql","/blog/how-to-build-mcp-server-for-postgresql","/blog","/blog/[slug]","blog","legacy-blog","P2","2026-08-03","True","True","False",1,0,0,0,0,"","","","","","","UNRESOLVED","","","","",""
"https://www.mcpserver.in/blog/how-to-create-mcp-server-for-github","/blog/how-to-create-mcp-server-for-github","/blog","/blog/[slug]","blog","legacy-blog","P2","2026-08-09","True","True","True",2,0,0,0,0,"","","","","","","UNRESOLVED","","","","",""
"https://www.mcpserver.in/blog/how-to-deploy-mcp-server-to-production","/blog/how-to-deploy-mcp-server-to-production","/blog","/blog/[slug]","blog","legacy-blog","P2","2026-08-10","True","True","False",1,0,0,0,0,"","","","","","","UNRESOLVED","","","","",""
"https://www.mcpserver.in/blog/how-to-migrate-from-rag-to-mcp","/blog/how-to-migrate-from-rag-to-mcp","/blog","/blog/[slug]","blog","legacy-blog","P2","2026-08-10","False","True","True",1,0,0,0,0,"","","","","","","UNRESOLVED","","","","",""
"https://www.mcpserver.in/blog/icici-bank-mcp-india","/blog/icici-bank-mcp-india","/blog","/blog/[slug]","blog","legacy-blog","P2","2026-08-10","True","True","True",2,0,6,0,12.166666666666666,"","","","","","","UNRESOLVED","","","","",""
"https://www.mcpserver.in/blog/idfc-first-mcp-india","/blog/idfc-first-mcp-india","/blog","/blog/[slug]","blog","legacy-blog","P2","2026-08-12","True","True","True",2,0,3,0,6,"","","","","","","UNRESOLVED","","","","",""
"https://www.mcpserver.in/blog/indian-railways-mcp-india","/blog/indian-railways-mcp-india","/blog","/blog/[slug]","blog","legacy-blog","P2","2026-08-12","True","True","True",2,0,7,0,7.145714285714285,"","","","","","","UNRESOLVED","","","","",""
"https://www.mcpserver.in/blog/indusind-mcp-india","/blog/indusind-mcp-india","/blog","/blog/[slug]","blog","legacy-blog","P2","2026-08-09","True","True","True",2,0,1,0,13,"","","","","","","UNRESOLVED","","","","",""
"https://www.mcpserver.in/blog/infosys-mcp-india","/blog/infosys-mcp-india","/blog","/blog/[slug]","blog","legacy-blog","P2","2026-08-09","True","True","True",2,0,0,0,0,"","","","","","","UNRESOLVED","","","","",""
"https://www.mcpserver.in/blog/install-configure-first-mcp-server","/blog/install-configure-first-mcp-server","/blog","/blog/[slug]","blog","legacy-blog","P2","2026-08-09","True","True","True",2,0,0,0,0,"","","","","","","UNRESOLVED","","","","",""
"https://www.mcpserver.in/blog/instamojo-mcp-india","/blog/instamojo-mcp-india","/blog","/blog/[slug]","blog","legacy-blog","P2","2026-08-08","True","True","False",1,0,0,0,0,"","","","","","","UNRESOLVED","","","","",""
"https://www.mcpserver.in/blog/irctc-mcp-india","/blog/irctc-mcp-india","/blog","/blog/[slug]","blog","legacy-blog","P2","2026-08-09","True","True","True",2,1,7,0.14285714285714285,3.4285714285714284,"","","","","","","UNRESOLVED","","","","",""
"https://www.mcpserver.in/blog/jio-mcp-india","/blog/jio-mcp-india","/blog","/blog/[slug]","blog","legacy-blog","P2","2026-08-10","True","True","True",2,1,3,0.3333333333333333,3.33,"","","","","","","UNRESOLVED","","","","",""
"https://www.mcpserver.in/blog/khatabook-mcp-india","/blog/khatabook-mcp-india","/blog","/blog/[slug]","blog","legacy-blog","P2","2026-08-09","True","True","True",2,0,1,0,10,"","","","","","","UNRESOLVED","","","","",""
"https://www.mcpserver.in/blog/kmc-mcp-india","/blog/kmc-mcp-india","/blog","/blog/[slug]","blog","legacy-blog","P2","2026-08-09","True","True","True",2,0,0,0,0,"","","","","","","UNRESOLVED","","","","",""
"https://www.mcpserver.in/blog/makemytrip-mcp-india","/blog/makemytrip-mcp-india","/blog","/blog/[slug]","blog","legacy-blog","P2","2026-08-09","True","True","True",2,0,8,0,3.88,"","","","","","","UNRESOLVED","","","","",""
"https://www.mcpserver.in/blog/manipal-mcp-india","/blog/manipal-mcp-india","/blog","/blog/[slug]","blog","legacy-blog","P2","2026-08-08","True","True","True",2,0,1,0,4,"","","","","","","UNRESOLVED","","","","",""
"https://www.mcpserver.in/blog/matlab-mcp-server-integration-guide","/blog/matlab-mcp-server-integration-guide","/blog","/blog/[slug]","blog","legacy-blog","P2","2026-08-09","True","True","False",1,0,0,0,0,"","","","","","","UNRESOLVED","","","","",""
"https://www.mcpserver.in/blog/mcp-2026-roadmap","/blog/mcp-2026-roadmap","/blog","/blog/[slug]","blog","legacy-blog","P2","2026-08-09","True","True","True",2,0,0,0,0,"","","","","","","UNRESOLVED","","","","",""
"https://www.mcpserver.in/blog/mcp-advanced-questions-expert-challenges","/blog/mcp-advanced-questions-expert-challenges","/blog","/blog/[slug]","blog","legacy-blog","P2","2026-08-09","True","True","True",2,0,0,0,0,"","","","","","","UNRESOLVED","","","","",""
"https://www.mcpserver.in/blog/mcp-advanced-typescript-patterns","/blog/mcp-advanced-typescript-patterns","/blog","/blog/[slug]","blog","legacy-blog","P2","2026-08-03","True","True","False",1,0,0,0,0,"","","","","","","UNRESOLVED","","","","",""
"https://www.mcpserver.in/blog/mcp-agent-squad","/blog/mcp-agent-squad","/blog","/blog/[slug]","blog","legacy-blog","P2","2026-08-03","True","True","False",1,0,0,0,0,"","","","","","","UNRESOLVED","","","","",""
"https://www.mcpserver.in/blog/mcp-api-key-authentication","/blog/mcp-api-key-authentication","/blog","/blog/[slug]","blog","legacy-blog","P2","2026-08-03","True","True","False",1,0,0,0,0,"","","","","","","UNRESOLVED","","","","",""
"https://www.mcpserver.in/blog/mcp-authentication-methods-comparison","/blog/mcp-authentication-methods-comparison","/blog","/blog/[slug]","blog","legacy-blog","P2","2026-08-03","True","True","True",2,0,0,0,0,"","","","","","","UNRESOLVED","","","","",""
"https://www.mcpserver.in/blog/mcp-automation-strategies","/blog/mcp-automation-strategies","/blog","/blog/[slug]","blog","legacy-blog","P2","2026-08-03","True","True","False",1,0,0,0,0,"","","","","","","UNRESOLVED","","","","",""
"https://www.mcpserver.in/blog/mcp-beginner-questions-no-question-too-small","/blog/mcp-beginner-questions-no-question-too-small","/blog","/blog/[slug]","blog","legacy-blog","P2","2026-08-09","True","True","False",1,0,0,0,0,"","","","","","","UNRESOLVED","","","","",""
"https://www.mcpserver.in/blog/mcp-beyond-2026-long-term-vision","/blog/mcp-beyond-2026-long-term-vision","/blog","/blog/[slug]","blog","legacy-blog","P2","2026-08-10","True","True","False",1,0,0,0,0,"","","","","","","UNRESOLVED","","","","",""
"https://www.mcpserver.in/blog/mcp-books-essentials","/blog/mcp-books-essentials","/blog","/blog/[slug]","blog","legacy-blog","P2","2026-08-03","True","True","False",1,0,0,0,0,"","","","","","","UNRESOLVED","","","","",""
"https://www.mcpserver.in/blog/mcp-ci-cd-pipeline-setup","/blog/mcp-ci-cd-pipeline-setup","/blog","/blog/[slug]","blog","legacy-blog","P2","2026-08-10","True","True","False",1,0,0,0,0,"","","","","","","UNRESOLVED","","","","",""
"https://www.mcpserver.in/blog/mcp-cli-tools-guide","/blog/mcp-cli-tools-guide","/blog","/blog/[slug]","blog","legacy-blog","P2","2026-08-09","True","True","False",1,0,0,0,0,"","","","","","","UNRESOLVED","","","","",""
"https://www.mcpserver.in/blog/mcp-client-libraries","/blog/mcp-client-libraries","/blog","/blog/[slug]","blog","legacy-blog","P2","2026-08-09","True","True","True",2,0,0,0,0,"","","","","","","UNRESOLVED","","","","",""
"https://www.mcpserver.in/blog/mcp-cloud-deployment-comparison","/blog/mcp-cloud-deployment-comparison","/blog","/blog/[slug]","blog","legacy-blog","P2","2026-08-03","True","True","False",1,0,0,0,0,"","","","","","","UNRESOLVED","","","","",""
"https://www.mcpserver.in/blog/mcp-coding-standards-style-guides","/blog/mcp-coding-standards-style-guides","/blog","/blog/[slug]","blog","legacy-blog","P2","2026-08-03","True","True","False",1,0,0,0,0,"","","","","","","UNRESOLVED","","","","",""
"https://www.mcpserver.in/blog/mcp-community-forums","/blog/mcp-community-forums","/blog","/blog/[slug]","blog","legacy-blog","P2","2026-08-09","True","True","True",2,0,0,0,0,"","","","","","","UNRESOLVED","","","","",""
"https://www.mcpserver.in/blog/mcp-compliance-gdpr-soc2","/blog/mcp-compliance-gdpr-soc2","/blog","/blog/[slug]","blog","legacy-blog","P2","2026-08-03","True","True","True",2,0,0,0,0,"","","","","","","UNRESOLVED","","","","",""
"https://www.mcpserver.in/blog/mcp-cross-platform-compatibility","/blog/mcp-cross-platform-compatibility","/blog","/blog/[slug]","blog","legacy-blog","P2","2026-08-03","True","True","False",1,0,0,0,0,"","","","","","","UNRESOLVED","","","","",""
"https://www.mcpserver.in/blog/mcp-cursor-ide-integration","/blog/mcp-cursor-ide-integration","/blog","/blog/[slug]","blog","legacy-blog","P2","2026-08-03","True","True","False",1,0,0,0,0,"","","","","","","UNRESOLVED","","","","",""
"https://www.mcpserver.in/blog/mcp-database-connection-pooling","/blog/mcp-database-connection-pooling","/blog","/blog/[slug]","blog","legacy-blog","P2","2026-08-03","True","True","False",1,0,0,0,0,"","","","","","","UNRESOLVED","","","","",""
"https://www.mcpserver.in/blog/mcp-design-patterns-production","/blog/mcp-design-patterns-production","/blog","/blog/[slug]","blog","legacy-blog","P2","2026-08-03","True","True","False",1,0,0,0,0,"","","","","","","UNRESOLVED","","","","",""
"https://www.mcpserver.in/blog/mcp-development-best-practices","/blog/mcp-development-best-practices","/blog","/blog/[slug]","blog","legacy-blog","P2","2026-08-03","True","True","False",1,0,0,0,0,"","","","","","","UNRESOLVED","","","","",""
"https://www.mcpserver.in/blog/mcp-devops-automating-server-management","/blog/mcp-devops-automating-server-management","/blog","/blog/[slug]","blog","legacy-blog","P2","2026-08-09","True","True","True",2,0,0,0,0,"","","","","","","UNRESOLVED","","","","",""
"https://www.mcpserver.in/blog/mcp-documentation-resources","/blog/mcp-documentation-resources","/blog","/blog/[slug]","blog","legacy-blog","P2","2026-08-10","True","True","True",2,0,0,0,0,"","","","","","","UNRESOLVED","","","","",""
"https://www.mcpserver.in/blog/mcp-enterprise-large-scale-deployment","/blog/mcp-enterprise-large-scale-deployment","/blog","/blog/[slug]","blog","legacy-blog","P2","2026-08-03","True","True","False",1,0,0,0,0,"","","","","","","UNRESOLVED","","","","",""
"https://www.mcpserver.in/blog/mcp-free-servers-open-source-list","/blog/mcp-free-servers-open-source-list","/blog","/blog/[slug]","blog","legacy-blog","P2","2026-08-09","True","True","False",1,0,0,0,0,"","","","","","","UNRESOLVED","","","","",""
"https://www.mcpserver.in/blog/mcp-future-predictions-expert-roundup","/blog/mcp-future-predictions-expert-roundup","/blog","/blog/[slug]","blog","legacy-blog","P2","2026-08-10","True","True","True",2,0,0,0,0,"","","","","","","UNRESOLVED","","","","",""
"https://www.mcpserver.in/blog/mcp-github-repositories","/blog/mcp-github-repositories","/blog","/blog/[slug]","blog","legacy-blog","P2","2026-08-09","True","True","True",2,0,0,0,0,"","","","","","","UNRESOLVED","","","","",""
"https://www.mcpserver.in/blog/mcp-gitlab-ci-integration","/blog/mcp-gitlab-ci-integration","/blog","/blog/[slug]","blog","legacy-blog","P2","2026-08-10","True","True","False",1,0,0,0,0,"","","","","","","UNRESOLVED","","","","",""
"https://www.mcpserver.in/blog/mcp-innovations-latest-research","/blog/mcp-innovations-latest-research","/blog","/blog/[slug]","blog","legacy-blog","P2","2026-08-10","True","True","True",2,0,0,0,0,"","","","","","","UNRESOLVED","","","","",""
"https://www.mcpserver.in/blog/mcp-json-rpc-deep-dive","/blog/mcp-json-rpc-deep-dive","/blog","/blog/[slug]","blog","legacy-blog","P2","2026-08-10","True","True","True",2,0,1,0,1,"","","","","","","UNRESOLVED","","","","",""
"https://www.mcpserver.in/blog/mcp-microservices-architecture","/blog/mcp-microservices-architecture","/blog","/blog/[slug]","blog","legacy-blog","P2","2026-08-03","True","True","False",1,0,0,0,0,"","","","","","","UNRESOLVED","","","","",""
"https://www.mcpserver.in/blog/mcp-migration-stories-from-api-to-mcp","/blog/mcp-migration-stories-from-api-to-mcp","/blog","/blog/[slug]","blog","legacy-blog","P2","2026-08-09","True","True","True",2,0,0,0,0,"","","","","","","UNRESOLVED","","","","",""
"https://www.mcpserver.in/blog/mcp-multi-agent-systems","/blog/mcp-multi-agent-systems","/blog","/blog/[slug]","blog","legacy-blog","P2","2026-08-03","True","True","False",1,0,0,0,0,"","","","","","","UNRESOLVED","","","","",""
"https://www.mcpserver.in/blog/mcp-nodejs-implementation","/blog/mcp-nodejs-implementation","/blog","/blog/[slug]","blog","legacy-blog","P2","2026-08-03","True","True","False",1,0,0,0,0,"","","","","","","UNRESOLVED","","","","",""
"https://www.mcpserver.in/blog/mcp-on-reddit","/blog/mcp-on-reddit","/blog","/blog/[slug]","blog","legacy-blog","P2","2026-08-09","True","True","False",1,0,0,0,0,"","","","","","","UNRESOLVED","","","","",""
"https://www.mcpserver.in/blog/mcp-orchestration-managing-multiple-servers","/blog/mcp-orchestration-managing-multiple-servers","/blog","/blog/[slug]","blog","legacy-blog","P2","2026-08-10","True","True","False",1,0,0,0,0,"","","","","","","UNRESOLVED","","","","",""
"https://www.mcpserver.in/blog/mcp-policy-as-code","/blog/mcp-policy-as-code","/blog","/blog/[slug]","blog","legacy-blog","P2","2026-08-03","True","True","True",2,0,1,0,45,"","","","","","","UNRESOLVED","","","","",""
"https://www.mcpserver.in/blog/mcp-pricing-cost-comparison","/blog/mcp-pricing-cost-comparison","/blog","/blog/[slug]","blog","legacy-blog","P2","2026-08-03","True","True","False",1,0,0,0,0,"","","","","","","UNRESOLVED","","","","",""
"https://www.mcpserver.in/blog/mcp-python-sdk-tutorial","/blog/mcp-python-sdk-tutorial","/blog","/blog/[slug]","blog","legacy-blog","P2","2026-08-10","True","True","True",2,0,0,0,0,"","","","","","","UNRESOLVED","","","","",""
"https://www.mcpserver.in/blog/mcp-role-based-access-control","/blog/mcp-role-based-access-control","/blog","/blog/[slug]","blog","legacy-blog","P2","2026-08-01","True","True","False",1,0,3,0,6.330000000000001,"","","","","","","UNRESOLVED","","","","",""
"https://www.mcpserver.in/blog/mcp-saas-platforms-deployment","/blog/mcp-saas-platforms-deployment","/blog","/blog/[slug]","blog","legacy-blog","P2","2026-08-03","True","True","False",1,0,0,0,0,"","","","","","","UNRESOLVED","","","","",""
"https://www.mcpserver.in/blog/mcp-security-risk-assessment","/blog/mcp-security-risk-assessment","/blog","/blog/[slug]","blog","legacy-blog","P2","2026-08-08","True","True","False",1,0,0,0,0,"","","","","","","UNRESOLVED","","","","",""
"https://www.mcpserver.in/blog/mcp-server-accessibility-guide","/blog/mcp-server-accessibility-guide","/blog","/blog/[slug]","blog","legacy-blog","P2","2026-08-09","True","True","True",2,0,0,0,0,"","","","","","","UNRESOLVED","","","","",""
"https://www.mcpserver.in/blog/mcp-server-advanced-techniques-guide","/blog/mcp-server-advanced-techniques-guide","/blog","/blog/[slug]","blog","legacy-blog","P2","2026-08-10","True","True","True",2,0,0,0,0,"","","","","","","UNRESOLVED","","","","",""
"https://www.mcpserver.in/blog/mcp-server-alternatives-options-compared","/blog/mcp-server-alternatives-options-compared","/blog","/blog/[slug]","blog","legacy-blog","P2","2026-08-09","True","True","True",2,0,0,0,0,"","","","","","","UNRESOLVED","","","","",""
"https://www.mcpserver.in/blog/mcp-server-beginner-tutorial-series","/blog/mcp-server-beginner-tutorial-series","/blog","/blog/[slug]","blog","legacy-blog","P2","2026-08-10","True","True","True",2,0,0,0,0,"","","","","","","UNRESOLVED","","","","",""
"https://www.mcpserver.in/blog/mcp-server-boilerplates-quick-start-collection","/blog/mcp-server-boilerplates-quick-start-collection","/blog","/blog/[slug]","blog","legacy-blog","P2","2026-08-09","True","True","True",2,0,0,0,0,"","","","","","","UNRESOLVED","","","","",""
"https://www.mcpserver.in/blog/mcp-server-career-guide","/blog/mcp-server-career-guide","/blog","/blog/[slug]","blog","legacy-blog","P2","2026-08-09","True","True","True",2,0,0,0,0,"","","","","","","UNRESOLVED","","","","",""
"https://www.mcpserver.in/blog/mcp-server-challenges-community-competitions","/blog/mcp-server-challenges-community-competitions","/blog","/blog/[slug]","blog","legacy-blog","P2","2026-08-09","True","True","True",2,0,0,0,0,"","","","","","","UNRESOLVED","","","","",""
"https://www.mcpserver.in/blog/mcp-server-cheat-sheets","/blog/mcp-server-cheat-sheets","/blog","/blog/[slug]","blog","legacy-blog","P2","2026-08-10","True","True","True",2,0,0,0,0,"","","","","","","UNRESOLVED","","","","",""
"https://www.mcpserver.in/blog/mcp-server-checklists-deployment-setup","/blog/mcp-server-checklists-deployment-setup","/blog","/blog/[slug]","blog","legacy-blog","P2","2026-08-09","True","True","True",2,0,0,0,0,"","","","","","","UNRESOLVED","","","","",""
"https://www.mcpserver.in/blog/mcp-server-ci-cd-with-github-actions","/blog/mcp-server-ci-cd-with-github-actions","/blog","/blog/[slug]","blog","legacy-blog","P2","2026-08-10","True","True","True",2,0,0,0,0,"","","","","","","UNRESOLVED","","","","",""
"https://www.mcpserver.in/blog/mcp-server-code-review-best-practices","/blog/mcp-server-code-review-best-practices","/blog","/blog/[slug]","blog","legacy-blog","P2","2026-08-09","True","True","True",2,0,0,0,0,"","","","","","","UNRESOLVED","","","","",""
"https://www.mcpserver.in/blog/mcp-server-code-snippets-community-library","/blog/mcp-server-code-snippets-community-library","/blog","/blog/[slug]","blog","legacy-blog","P2","2026-08-09","True","True","False",1,1,1,1,8,"","","","","","","UNRESOLVED","","","","",""
"https://www.mcpserver.in/blog/mcp-server-community-join-the-conversation","/blog/mcp-server-community-join-the-conversation","/blog","/blog/[slug]","blog","legacy-blog","P2","2026-08-03","True","True","False",1,0,0,0,0,"","","","","","","UNRESOLVED","","","","",""
"https://www.mcpserver.in/blog/mcp-server-comparison-side-by-side","/blog/mcp-server-comparison-side-by-side","/blog","/blog/[slug]","blog","legacy-blog","P2","2026-08-09","True","True","True",2,0,0,0,0,"","","","","","","UNRESOLVED","","","","",""
"https://www.mcpserver.in/blog/mcp-server-conferences-event-calendar","/blog/mcp-server-conferences-event-calendar","/blog","/blog/[slug]","blog","legacy-blog","P2","2026-08-09","True","True","True",2,0,0,0,0,"","","","","","","UNRESOLVED","","","","",""
"https://www.mcpserver.in/blog/mcp-server-configuration-files","/blog/mcp-server-configuration-files","/blog","/blog/[slug]","blog","legacy-blog","P2","2026-08-09","True","True","False",1,0,2,0,25,"","","","","","","UNRESOLVED","","","","",""
"https://www.mcpserver.in/blog/mcp-server-contributing-to-open-source-mcp","/blog/mcp-server-contributing-to-open-source-mcp","/blog","/blog/[slug]","blog","legacy-blog","P2","2026-08-10","True","True","True",2,0,0,0,0,"","","","","","","UNRESOLVED","","","","",""
"https://www.mcpserver.in/blog/mcp-server-contributors-hall-of-fame","/blog/mcp-server-contributors-hall-of-fame","/blog","/blog/[slug]","blog","legacy-blog","P2","2026-08-09","True","True","True",2,0,0,0,0,"","","","","","","UNRESOLVED","","","","",""
"https://www.mcpserver.in/blog/mcp-server-controversies-addressing-concerns","/blog/mcp-server-controversies-addressing-concerns","/blog","/blog/[slug]","blog","legacy-blog","P2","2026-08-09","True","True","False",1,0,0,0,0,"","","","","","","UNRESOLVED","","","","",""
"https://www.mcpserver.in/blog/mcp-server-debates-hot-topics","/blog/mcp-server-debates-hot-topics","/blog","/blog/[slug]","blog","legacy-blog","P2","2026-08-03","True","True","False",1,0,0,0,0,"","","","","","","UNRESOLVED","","","","",""
"https://www.mcpserver.in/blog/mcp-server-debugging-techniques","/blog/mcp-server-debugging-techniques","/blog","/blog/[slug]","blog","legacy-blog","P2","2026-08-03","True","True","False",1,0,0,0,0,"","","","","","","UNRESOLVED","","","","",""
"https://www.mcpserver.in/blog/mcp-server-directory-complete-list","/blog/mcp-server-directory-complete-list","/blog","/blog/[slug]","blog","legacy-blog","P2","2026-08-09","True","True","True",2,0,1,0,5,"","","","","","","UNRESOLVED","","","","",""
"https://www.mcpserver.in/blog/mcp-server-discord-live-chat-community","/blog/mcp-server-discord-live-chat-community","/blog","/blog/[slug]","blog","legacy-blog","P2","2026-08-10","True","True","True",2,0,0,0,0,"","","","","","","UNRESOLVED","","","","",""
"https://www.mcpserver.in/blog/mcp-server-diversity-inclusion","/blog/mcp-server-diversity-inclusion","/blog","/blog/[slug]","blog","legacy-blog","P2","2026-08-09","True","True","True",2,0,0,0,0,"","","","","","","UNRESOLVED","","","","",""
"https://www.mcpserver.in/blog/mcp-server-documentation-community-wiki","/blog/mcp-server-documentation-community-wiki","/blog","/blog/[slug]","blog","legacy-blog","P2","2026-08-09","True","True","True",2,0,0,0,0,"","","","","","","UNRESOLVED","","","","",""
"https://www.mcpserver.in/blog/mcp-server-documentation-sprint","/blog/mcp-server-documentation-sprint","/blog","/blog/[slug]","blog","legacy-blog","P2","2026-08-09","True","True","True",2,0,0,0,0,"","","","","","","UNRESOLVED","","","","",""
"https://www.mcpserver.in/blog/mcp-server-ethics-guide","/blog/mcp-server-ethics-guide","/blog","/blog/[slug]","blog","legacy-blog","P2","2026-08-09","True","True","True",2,0,0,0,0,"","","","","","","UNRESOLVED","","","","",""
"https://www.mcpserver.in/blog/mcp-server-examples-real-world-implementations","/blog/mcp-server-examples-real-world-implementations","/blog","/blog/[slug]","blog","legacy-blog","P2","2026-08-09","True","True","True",2,0,0,0,0,"","","","","","","UNRESOLVED","","","","",""
"https://www.mcpserver.in/blog/mcp-server-failures-lessons-learned","/blog/mcp-server-failures-lessons-learned","/blog","/blog/[slug]","blog","legacy-blog","P2","2026-08-09","True","True","True",2,0,0,0,0,"","","","","","","UNRESOLVED","","","","",""
"https://www.mcpserver.in/blog/mcp-server-faq-community-answered","/blog/mcp-server-faq-community-answered","/blog","/blog/[slug]","blog","legacy-blog","P2","2026-08-09","True","True","True",2,0,0,0,0,"","","","","","","UNRESOLVED","","","","",""
"https://www.mcpserver.in/blog/mcp-server-for-airtable","/blog/mcp-server-for-airtable","/blog","/blog/[slug]","blog","legacy-blog","P2","2026-08-03","True","True","False",1,0,0,0,0,"","","","","","","UNRESOLVED","","","","",""
"https://www.mcpserver.in/blog/mcp-server-for-amazon-kinesis","/blog/mcp-server-for-amazon-kinesis","/blog","/blog/[slug]","blog","legacy-blog","P2","2026-08-03","True","True","False",1,0,0,0,0,"","","","","","","UNRESOLVED","","","","",""
"https://www.mcpserver.in/blog/mcp-server-for-apache-pulsar-geo","/blog/mcp-server-for-apache-pulsar-geo","/blog","/blog/[slug]","blog","legacy-blog","P2","2026-08-03","True","True","False",1,0,0,0,0,"","","","","","","UNRESOLVED","","","","",""
"https://www.mcpserver.in/blog/mcp-server-for-asana","/blog/mcp-server-for-asana","/blog","/blog/[slug]","blog","legacy-blog","P2","2026-08-09","True","True","True",2,0,0,0,0,"","","","","","","UNRESOLVED","","","","",""
"https://www.mcpserver.in/blog/mcp-server-for-box","/blog/mcp-server-for-box","/blog","/blog/[slug]","blog","legacy-blog","P2","2026-08-09","True","True","True",2,0,0,0,0,"","","","","","","UNRESOLVED","","","","",""
"https://www.mcpserver.in/blog/mcp-server-for-crisp","/blog/mcp-server-for-crisp","/blog","/blog/[slug]","blog","legacy-blog","P2","2026-08-03","True","True","True",2,0,0,0,0,"","","","","","","UNRESOLVED","","","","",""
"https://www.mcpserver.in/blog/mcp-server-for-discord","/blog/mcp-server-for-discord","/blog","/blog/[slug]","blog","legacy-blog","P2","2026-08-03","True","True","False",1,0,0,0,0,"","","","","","","UNRESOLVED","","","","",""
"https://www.mcpserver.in/blog/mcp-server-for-dropbox","/blog/mcp-server-for-dropbox","/blog","/blog/[slug]","blog","legacy-blog","P2","2026-08-03","True","True","True",2,0,0,0,0,"","","","","","","UNRESOLVED","","","","",""
"https://www.mcpserver.in/blog/mcp-server-for-event-driven-architecture","/blog/mcp-server-for-event-driven-architecture","/blog","/blog/[slug]","blog","legacy-blog","P2","2026-08-03","True","True","False",1,0,0,0,0,"","","","","","","UNRESOLVED","","","","",""
"https://www.mcpserver.in/blog/mcp-server-for-freshdesk","/blog/mcp-server-for-freshdesk","/blog","/blog/[slug]","blog","legacy-blog","P2","2026-08-03","True","True","False",1,0,0,0,0,"","","","","","","UNRESOLVED","","","","",""
"https://www.mcpserver.in/blog/mcp-server-for-freshsales","/blog/mcp-server-for-freshsales","/blog","/blog/[slug]","blog","legacy-blog","P2","2026-08-03","True","True","False",1,0,0,0,0,"","","","","","","UNRESOLVED","","","","",""
"https://www.mcpserver.in/blog/mcp-server-for-gitlab-devops","/blog/mcp-server-for-gitlab-devops","/blog","/blog/[slug]","blog","legacy-blog","P2","2026-08-09","True","True","False",1,0,0,0,0,"","","","","","","UNRESOLVED","","","","",""
"https://www.mcpserver.in/blog/mcp-server-for-google-drive","/blog/mcp-server-for-google-drive","/blog","/blog/[slug]","blog","legacy-blog","P2","2026-08-09","True","True","True",2,0,0,0,0,"","","","","","","UNRESOLVED","","","","",""
"https://www.mcpserver.in/blog/mcp-server-for-google-sheets","/blog/mcp-server-for-google-sheets","/blog","/blog/[slug]","blog","legacy-blog","P2","2026-08-03","True","True","False",1,0,0,0,0,"","","","","","","UNRESOLVED","","","","",""
"https://www.mcpserver.in/blog/mcp-server-for-grpc-streaming","/blog/mcp-server-for-grpc-streaming","/blog","/blog/[slug]","blog","legacy-blog","P2","2026-08-03","True","True","False",1,0,0,0,0,"","","","","","","UNRESOLVED","","","","",""
"https://www.mcpserver.in/blog/mcp-server-for-hubspot","/blog/mcp-server-for-hubspot","/blog","/blog/[slug]","blog","legacy-blog","P2","2026-08-04","True","True","False",1,0,9,0,51.89,"","","","","","","UNRESOLVED","","","","",""
"https://www.mcpserver.in/blog/mcp-server-for-ifttt","/blog/mcp-server-for-ifttt","/blog","/blog/[slug]","blog","legacy-blog","P2","2026-08-03","True","True","False",1,0,0,0,0,"","","","","","","UNRESOLVED","","","","",""
"https://www.mcpserver.in/blog/mcp-server-for-intercom","/blog/mcp-server-for-intercom","/blog","/blog/[slug]","blog","legacy-blog","P2","2026-08-05","True","True","True",2,0,0,0,0,"","","","","","","UNRESOLVED","","","","",""
"https://www.mcpserver.in/blog/mcp-server-for-jira","/blog/mcp-server-for-jira","/blog","/blog/[slug]","blog","legacy-blog","P2","2026-08-09","True","True","False",1,0,1,0,9,"","","","","","","UNRESOLVED","","","","",""
"https://www.mcpserver.in/blog/mcp-server-for-kafka","/blog/mcp-server-for-kafka","/blog","/blog/[slug]","blog","legacy-blog","P2","2026-08-03","True","True","False",1,0,1,0,8,"","","","","","","UNRESOLVED","","","","",""
"https://www.mcpserver.in/blog/mcp-server-for-make-com","/blog/mcp-server-for-make-com","/blog","/blog/[slug]","blog","legacy-blog","P2","2026-08-03","True","True","False",1,0,0,0,0,"","","","","","","UNRESOLVED","","","","",""
"https://www.mcpserver.in/blog/mcp-server-for-monday","/blog/mcp-server-for-monday","/blog","/blog/[slug]","blog","legacy-blog","P2","2026-08-10","True","True","False",1,0,0,0,0,"","","","","","","UNRESOLVED","","","","",""
"https://www.mcpserver.in/blog/mcp-server-for-mongodb","/blog/mcp-server-for-mongodb","/blog","/blog/[slug]","blog","legacy-blog","P2","2026-08-03","True","True","True",2,0,0,0,0,"","","","","","","UNRESOLVED","","","","",""
"https://www.mcpserver.in/blog/mcp-server-for-msteams","/blog/mcp-server-for-msteams","/blog","/blog/[slug]","blog","legacy-blog","P2","2026-08-03","True","True","False",1,0,0,0,0,"","","","","","","UNRESOLVED","","","","",""
"https://www.mcpserver.in/blog/mcp-server-for-nats","/blog/mcp-server-for-nats","/blog","/blog/[slug]","blog","legacy-blog","P2","2026-08-03","True","True","False",1,0,0,0,0,"","","","","","","UNRESOLVED","","","","",""
"https://www.mcpserver.in/blog/mcp-server-for-onedrive","/blog/mcp-server-for-onedrive","/blog","/blog/[slug]","blog","legacy-blog","P2","2026-08-09","True","True","True",2,1,4,0.25,8.25,"","","","","","","UNRESOLVED","","","","",""
"https://www.mcpserver.in/blog/mcp-server-for-outlook","/blog/mcp-server-for-outlook","/blog","/blog/[slug]","blog","legacy-blog","P2","2026-08-09","True","True","True",2,0,0,0,0,"","","","","","","UNRESOLVED","","","","",""
"https://www.mcpserver.in/blog/mcp-server-for-pipedrive","/blog/mcp-server-for-pipedrive","/blog","/blog/[slug]","blog","legacy-blog","P2","2026-07-26","True","True","False",1,0,0,0,0,"","","","","","","UNRESOLVED","","","","",""
"https://www.mcpserver.in/blog/mcp-server-for-pulsar","/blog/mcp-server-for-pulsar","/blog","/blog/[slug]","blog","legacy-blog","P2","2026-08-03","True","True","False",1,0,0,0,0,"","","","","","","UNRESOLVED","","","","",""
"https://www.mcpserver.in/blog/mcp-server-for-rabbitmq","/blog/mcp-server-for-rabbitmq","/blog","/blog/[slug]","blog","legacy-blog","P2","2026-08-03","True","True","False",1,0,0,0,0,"","","","","","","UNRESOLVED","","","","",""
"https://www.mcpserver.in/blog/mcp-server-for-razorpay","/blog/mcp-server-for-razorpay","/blog","/blog/[slug]","blog","legacy-blog","P2","2026-08-10","True","True","True",2,0,0,0,0,"","","","","","","UNRESOLVED","","","","",""
"https://www.mcpserver.in/blog/mcp-server-for-redis-streams","/blog/mcp-server-for-redis-streams","/blog","/blog/[slug]","blog","legacy-blog","P2","2026-08-03","True","True","False",1,0,0,0,0,"","","","","","","UNRESOLVED","","","","",""
"https://www.mcpserver.in/blog/mcp-server-for-salesforce","/blog/mcp-server-for-salesforce","/blog","/blog/[slug]","blog","legacy-blog","P2","2026-08-03","True","True","False",1,0,0,0,0,"","","","","","","UNRESOLVED","","","","",""
"https://www.mcpserver.in/blog/mcp-server-for-sendgrid","/blog/mcp-server-for-sendgrid","/blog","/blog/[slug]","blog","legacy-blog","P2","2026-08-03","True","True","False",1,0,0,0,0,"","","","","","","UNRESOLVED","","","","",""
"https://www.mcpserver.in/blog/mcp-server-for-shopify","/blog/mcp-server-for-shopify","/blog","/blog/[slug]","blog","legacy-blog","P2","2026-08-08","True","True","True",2,0,0,0,0,"","","","","","","UNRESOLVED","","","","",""
"https://www.mcpserver.in/blog/mcp-server-for-slack","/blog/mcp-server-for-slack","/blog","/blog/[slug]","blog","legacy-blog","P2","2026-08-03","True","True","False",1,0,0,0,0,"","","","","","","UNRESOLVED","","","","",""
"https://www.mcpserver.in/blog/mcp-server-for-twilio","/blog/mcp-server-for-twilio","/blog","/blog/[slug]","blog","legacy-blog","P2","2026-08-03","True","True","False",1,0,0,0,0,"","","","","","","UNRESOLVED","","","","",""
"https://www.mcpserver.in/blog/mcp-server-for-websocket-scale","/blog/mcp-server-for-websocket-scale","/blog","/blog/[slug]","blog","legacy-blog","P2","2026-08-03","True","True","False",1,0,0,0,0,"","","","","","","UNRESOLVED","","","","",""
"https://www.mcpserver.in/blog/mcp-server-for-woocommerce","/blog/mcp-server-for-woocommerce","/blog","/blog/[slug]","blog","legacy-blog","P2","2026-08-03","True","True","False",1,0,0,0,0,"","","","","","","UNRESOLVED","","","","",""
"https://www.mcpserver.in/blog/mcp-server-for-workato","/blog/mcp-server-for-workato","/blog","/blog/[slug]","blog","legacy-blog","P2","2026-08-09","True","True","True",2,0,1,0,10,"","","","","","","UNRESOLVED","","","","",""
"https://www.mcpserver.in/blog/mcp-server-for-zapier","/blog/mcp-server-for-zapier","/blog","/blog/[slug]","blog","legacy-blog","P2","2026-08-08","True","True","True",2,0,0,0,0,"","","","","","","UNRESOLVED","","","","",""
"https://www.mcpserver.in/blog/mcp-server-for-zendesk","/blog/mcp-server-for-zendesk","/blog","/blog/[slug]","blog","legacy-blog","P2","2026-08-03","True","True","True",2,0,0,0,0,"","","","","","","UNRESOLVED","","","","",""
"https://www.mcpserver.in/blog/mcp-server-for-zoom","/blog/mcp-server-for-zoom","/blog","/blog/[slug]","blog","legacy-blog","P2","2026-08-05","True","True","True",2,0,0,0,0,"","","","","","","UNRESOLVED","","","","",""
"https://www.mcpserver.in/blog/mcp-server-forum-discussion-board","/blog/mcp-server-forum-discussion-board","/blog","/blog/[slug]","blog","legacy-blog","P2","2026-08-09","True","True","True",2,0,0,0,0,"","","","","","","UNRESOLVED","","","","",""
"https://www.mcpserver.in/blog/mcp-server-future-trends-workshop","/blog/mcp-server-future-trends-workshop","/blog","/blog/[slug]","blog","legacy-blog","P2","2026-08-10","True","True","True",2,0,1,0,66,"","","","","","","UNRESOLVED","","","","",""
"https://www.mcpserver.in/blog/mcp-server-hackathon-guide","/blog/mcp-server-hackathon-guide","/blog","/blog/[slug]","blog","legacy-blog","P2","2026-08-09","True","True","False",1,0,0,0,0,"","","","","","","UNRESOLVED","","","","",""
"https://www.mcpserver.in/blog/mcp-server-help-center-getting-assistance","/blog/mcp-server-help-center-getting-assistance","/blog","/blog/[slug]","blog","legacy-blog","P2","2026-08-09","True","True","True",2,0,0,0,0,"","","","","","","UNRESOLVED","","","","",""
"https://www.mcpserver.in/blog/mcp-server-kubernetes-deployment","/blog/mcp-server-kubernetes-deployment","/blog","/blog/[slug]","blog","legacy-blog","P2","2026-08-03","True","True","False",1,0,0,0,0,"","","","","","","UNRESOLVED","","","","",""
"https://www.mcpserver.in/blog/mcp-server-local-meetup-guide","/blog/mcp-server-local-meetup-guide","/blog","/blog/[slug]","blog","legacy-blog","P2","2026-08-09","True","True","False",1,0,0,0,0,"","","","","","","UNRESOLVED","","","","",""
"https://www.mcpserver.in/blog/mcp-server-meetups-local-events","/blog/mcp-server-meetups-local-events","/blog","/blog/[slug]","blog","legacy-blog","P2","2026-08-03","True","True","False",1,0,0,0,0,"","","","","","","UNRESOLVED","","","","",""
"https://www.mcpserver.in/blog/mcp-server-mentorship-program","/blog/mcp-server-mentorship-program","/blog","/blog/[slug]","blog","legacy-blog","P2","2026-08-09","True","True","True",2,0,0,0,0,"","","","","","","UNRESOLVED","","","","",""
"https://www.mcpserver.in/blog/mcp-server-news-weekly-roundup","/blog/mcp-server-news-weekly-roundup","/blog","/blog/[slug]","blog","legacy-blog","P2","2026-08-09","True","True","True",2,0,0,0,0,"","","","","","","UNRESOLVED","","","","",""
"https://www.mcpserver.in/blog/mcp-server-of-the-month-community-voting","/blog/mcp-server-of-the-month-community-voting","/blog","/blog/[slug]","blog","legacy-blog","P2","2026-08-09","True","True","True",2,0,0,0,0,"","","","","","","UNRESOLVED","","","","",""
"https://www.mcpserver.in/blog/mcp-server-on-macos","/blog/mcp-server-on-macos","/blog","/blog/[slug]","blog","legacy-blog","P2","2026-08-03","True","True","False",1,0,0,0,0,"","","","","","","UNRESOLVED","","","","",""
"https://www.mcpserver.in/blog/mcp-server-online-workshop-guide","/blog/mcp-server-online-workshop-guide","/blog","/blog/[slug]","blog","legacy-blog","P2","2026-08-10","True","True","True",2,0,0,0,0,"","","","","","","UNRESOLVED","","","","",""
"https://www.mcpserver.in/blog/mcp-server-opinions-community-perspectives","/blog/mcp-server-opinions-community-perspectives","/blog","/blog/[slug]","blog","legacy-blog","P2","2026-08-09","True","True","True",2,0,0,0,0,"","","","","","","UNRESOLVED","","","","",""
"https://www.mcpserver.in/blog/mcp-server-performance-benchmarking","/blog/mcp-server-performance-benchmarking","/blog","/blog/[slug]","blog","legacy-blog","P2","2026-08-03","True","True","False",1,0,0,0,0,"","","","","","","UNRESOLVED","","","","",""
"https://www.mcpserver.in/blog/mcp-server-performance-optimization","/blog/mcp-server-performance-optimization","/blog","/blog/[slug]","blog","legacy-blog","P2","2026-08-10","True","True","True",2,0,0,0,0,"","","","","","","UNRESOLVED","","","","",""
"https://www.mcpserver.in/blog/mcp-server-predictions-community-forecasts","/blog/mcp-server-predictions-community-forecasts","/blog","/blog/[slug]","blog","legacy-blog","P2","2026-08-09","True","True","True",2,0,0,0,0,"","","","","","","UNRESOLVED","","","","",""
"https://www.mcpserver.in/blog/mcp-server-production-deployment-checklist","/blog/mcp-server-production-deployment-checklist","/blog","/blog/[slug]","blog","legacy-blog","P2","2026-08-09","True","True","True",2,0,0,0,0,"","","","","","","UNRESOLVED","","","","",""
"https://www.mcpserver.in/blog/mcp-server-questions-unanswered-and-answered","/blog/mcp-server-questions-unanswered-and-answered","/blog","/blog/[slug]","blog","legacy-blog","P2","2026-08-09","True","True","False",1,0,0,0,0,"","","","","","","UNRESOLVED","","","","",""
"https://www.mcpserver.in/blog/mcp-server-resources-curated-links","/blog/mcp-server-resources-curated-links","/blog","/blog/[slug]","blog","legacy-blog","P2","2026-08-10","True","True","True",2,0,0,0,0,"","","","","","","UNRESOLVED","","","","",""
"https://www.mcpserver.in/blog/mcp-server-reviews-user-ratings","/blog/mcp-server-reviews-user-ratings","/blog","/blog/[slug]","blog","legacy-blog","P2","2026-08-09","True","True","False",1,0,0,0,0,"","","","","","","UNRESOLVED","","","","",""
"https://www.mcpserver.in/blog/mcp-server-showcase-community-projects","/blog/mcp-server-showcase-community-projects","/blog","/blog/[slug]","blog","legacy-blog","P2","2026-08-09","True","True","True",2,0,0,0,0,"","","","","","","UNRESOLVED","","","","",""
"https://www.mcpserver.in/blog/mcp-server-starter-kits-community-favorites","/blog/mcp-server-starter-kits-community-favorites","/blog","/blog/[slug]","blog","legacy-blog","P2","2026-08-09","True","True","True",2,0,0,0,0,"","","","","","","UNRESOLVED","","","","",""
"https://www.mcpserver.in/blog/mcp-server-step-by-step-guides-wiki","/blog/mcp-server-step-by-step-guides-wiki","/blog","/blog/[slug]","blog","legacy-blog","P2","2026-08-09","True","True","True",2,0,0,0,0,"","","","","","","UNRESOLVED","","","","",""
"https://www.mcpserver.in/blog/mcp-server-support-where-to-find-help","/blog/mcp-server-support-where-to-find-help","/blog","/blog/[slug]","blog","legacy-blog","P2","2026-08-09","True","True","True",2,0,0,0,0,"","","","","","","UNRESOLVED","","","","",""
"https://www.mcpserver.in/blog/mcp-server-sustainability-guide","/blog/mcp-server-sustainability-guide","/blog","/blog/[slug]","blog","legacy-blog","P2","2026-08-09","True","True","True",2,0,0,0,0,"","","","","","","UNRESOLVED","","","","",""
"https://www.mcpserver.in/blog/mcp-server-templates-download-and-customize","/blog/mcp-server-templates-download-and-customize","/blog","/blog/[slug]","blog","legacy-blog","P2","2026-08-10","True","True","True",2,0,0,0,0,"","","","","","","UNRESOLVED","","","","",""
"https://www.mcpserver.in/blog/mcp-server-testing-strategies","/blog/mcp-server-testing-strategies","/blog","/blog/[slug]","blog","legacy-blog","P2","2026-08-03","True","True","True",2,0,0,0,0,"","","","","","","UNRESOLVED","","","","",""
"https://www.mcpserver.in/blog/mcp-server-tools-community-recommended","/blog/mcp-server-tools-community-recommended","/blog","/blog/[slug]","blog","legacy-blog","P2","2026-08-09","True","True","True",2,0,0,0,0,"","","","","","","UNRESOLVED","","","","",""
"https://www.mcpserver.in/blog/mcp-server-translation-initiative","/blog/mcp-server-translation-initiative","/blog","/blog/[slug]","blog","legacy-blog","P2","2026-08-09","True","True","True",2,0,0,0,0,"","","","","","","UNRESOLVED","","","","",""
"https://www.mcpserver.in/blog/mcp-server-updates-changelog-tracker","/blog/mcp-server-updates-changelog-tracker","/blog","/blog/[slug]","blog","legacy-blog","P2","2026-08-10","True","True","True",2,0,0,0,0,"","","","","","","UNRESOLVED","","","","",""
"https://www.mcpserver.in/blog/mcp-server-video-tutorials-youtube","/blog/mcp-server-video-tutorials-youtube","/blog","/blog/[slug]","blog","legacy-blog","P2","2026-08-09","True","True","True",2,0,9,0,33.89,"","","","","","","UNRESOLVED","","","","",""
"https://www.mcpserver.in/blog/mcp-server-webinars-recording-archive","/blog/mcp-server-webinars-recording-archive","/blog","/blog/[slug]","blog","legacy-blog","P2","2026-08-03","True","True","True",2,0,0,0,0,"","","","","","","UNRESOLVED","","","","",""
"https://www.mcpserver.in/blog/mcp-serverless-architecture","/blog/mcp-serverless-architecture","/blog","/blog/[slug]","blog","legacy-blog","P2","2026-08-03","True","True","False",1,0,0,0,0,"","","","","","","UNRESOLVED","","","","",""
"https://www.mcpserver.in/blog/mcp-startup-guide-budget","/blog/mcp-startup-guide-budget","/blog","/blog/[slug]","blog","legacy-blog","P2","2026-08-03","True","True","False",1,0,0,0,0,"","","","","","","UNRESOLVED","","","","",""
"https://www.mcpserver.in/blog/mcp-testing-before-deployment","/blog/mcp-testing-before-deployment","/blog","/blog/[slug]","blog","legacy-blog","P2","2026-08-09","True","True","True",2,0,0,0,0,"","","","","","","UNRESOLVED","","","","",""
"https://www.mcpserver.in/blog/mcp-threat-model","/blog/mcp-threat-model","/blog","/blog/[slug]","blog","legacy-blog","P2","2026-08-08","True","True","True",2,0,0,0,0,"","","","","","","UNRESOLVED","","","","",""
"https://www.mcpserver.in/blog/mcp-transport-methods","/blog/mcp-transport-methods","/blog","/blog/[slug]","blog","legacy-blog","P2","2026-08-03","True","True","False",1,0,9,0,28.22,"","","","","","","UNRESOLVED","","","","",""
"https://www.mcpserver.in/blog/mcp-trends-what-s-exploding","/blog/mcp-trends-what-s-exploding","/blog","/blog/[slug]","blog","legacy-blog","P2","2026-08-10","True","True","False",1,0,0,0,0,"","","","","","","UNRESOLVED","","","","",""
"https://www.mcpserver.in/blog/mcp-troubleshooting-guide-community-solutions","/blog/mcp-troubleshooting-guide-community-solutions","/blog","/blog/[slug]","blog","legacy-blog","P2","2026-08-09","True","True","True",2,0,0,0,0,"","","","","","","UNRESOLVED","","","","",""
"https://www.mcpserver.in/blog/mcp-tutorial-build-your-first-mcp-server","/blog/mcp-tutorial-build-your-first-mcp-server","/blog","/blog/[slug]","blog","legacy-blog","P2","2026-08-03","True","True","False",1,0,0,0,0,"","","","","","","UNRESOLVED","","","","",""
"https://www.mcpserver.in/blog/mcp-video-courses-ranked","/blog/mcp-video-courses-ranked","/blog","/blog/[slug]","blog","legacy-blog","P2","2026-08-03","True","True","False",1,0,6,0,31.83,"","","","","","","UNRESOLVED","","","","",""
"https://www.mcpserver.in/blog/mcp-vs-langchain","/blog/mcp-vs-langchain","/blog","/blog/[slug]","blog","legacy-blog","P2","2026-08-09","True","True","True",2,0,0,0,0,"","","","","","","UNRESOLVED","","","","",""
"https://www.mcpserver.in/blog/mcp-workflow-automation","/blog/mcp-workflow-automation","/blog","/blog/[slug]","blog","legacy-blog","P2","2026-08-10","True","True","True",2,0,0,0,0,"","","","","","","UNRESOLVED","","","","",""
"https://www.mcpserver.in/blog/model-context-protocol-beginner-guide","/blog/model-context-protocol-beginner-guide","/blog","/blog/[slug]","blog","legacy-blog","P2","2026-07-21","True","True","False",1,0,0,0,0,"","","","","","","UNRESOLVED","","","","",""
"https://www.mcpserver.in/blog/moneycontrol-mcp-india","/blog/moneycontrol-mcp-india","/blog","/blog/[slug]","blog","legacy-blog","P2","2026-08-10","True","True","False",1,2,9,0.2222222222222222,4.78,"","","","","","","UNRESOLVED","","","","",""
"https://www.mcpserver.in/blog/mybillbook-mcp-india","/blog/mybillbook-mcp-india","/blog","/blog/[slug]","blog","legacy-blog","P2","2026-08-09","True","True","False",1,0,0,0,0,"","","","","","","UNRESOLVED","","","","",""
"https://www.mcpserver.in/blog/ndtv-mcp-india","/blog/ndtv-mcp-india","/blog","/blog/[slug]","blog","legacy-blog","P2","2026-08-09","True","True","True",2,0,0,0,0,"","","","","","","UNRESOLVED","","","","",""
"https://www.mcpserver.in/blog/nse-mcp-server-india","/blog/nse-mcp-server-india","/blog","/blog/[slug]","blog","legacy-blog","P2","2026-08-09","True","True","True",2,0,0,0,0,"","","","","","","UNRESOLVED","","","","",""
"https://www.mcpserver.in/blog/ola-mcp-india","/blog/ola-mcp-india","/blog","/blog/[slug]","blog","legacy-blog","P2","2026-08-09","True","True","True",2,0,1,0,6,"","","","","","","UNRESOLVED","","","","",""
"https://www.mcpserver.in/blog/oyo-mcp-india","/blog/oyo-mcp-india","/blog","/blog/[slug]","blog","legacy-blog","P2","2026-08-09","True","True","True",2,0,0,0,0,"","","","","","","UNRESOLVED","","","","",""
"https://www.mcpserver.in/blog/paytm-mcp-server-india-payments","/blog/paytm-mcp-server-india-payments","/blog","/blog/[slug]","blog","legacy-blog","P2","2026-08-09","True","True","True",2,0,3,0,6.330000000000001,"","","","","","","UNRESOLVED","","","","",""
"https://www.mcpserver.in/blog/phonepe-mcp-server-india","/blog/phonepe-mcp-server-india","/blog","/blog/[slug]","blog","legacy-blog","P2","2026-08-09","True","True","True",2,1,5,0.2,4.802,"","","","","","","UNRESOLVED","","","","",""
"https://www.mcpserver.in/blog/pnb-mcp-india","/blog/pnb-mcp-india","/blog","/blog/[slug]","blog","legacy-blog","P2","2026-08-08","True","True","True",2,0,0,0,0,"","","","","","","UNRESOLVED","","","","",""
"https://www.mcpserver.in/blog/profit-books-mcp-india","/blog/profit-books-mcp-india","/blog","/blog/[slug]","blog","legacy-blog","P2","2026-08-09","True","True","True",2,0,0,0,0,"","","","","","","UNRESOLVED","","","","",""
"https://www.mcpserver.in/blog/rapido-mcp-india","/blog/rapido-mcp-india","/blog","/blog/[slug]","blog","legacy-blog","P2","2026-08-09","True","True","True",2,0,1,0,2,"","","","","","","UNRESOLVED","","","","",""
"https://www.mcpserver.in/blog/razorpayx-mcp-india","/blog/razorpayx-mcp-india","/blog","/blog/[slug]","blog","legacy-blog","P2","2026-08-08","True","True","True",2,0,1,0,3,"","","","","","","UNRESOLVED","","","","",""
"https://www.mcpserver.in/blog/redbus-mcp-india","/blog/redbus-mcp-india","/blog","/blog/[slug]","blog","legacy-blog","P2","2026-08-09","True","True","True",2,0,1,0,3,"","","","","","","UNRESOLVED","","","","",""
"https://www.mcpserver.in/blog/reliance-mcp-india","/blog/reliance-mcp-india","/blog","/blog/[slug]","blog","legacy-blog","P2","2026-08-10","True","True","True",2,0,2,0,6,"","","","","","","UNRESOLVED","","","","",""
"https://www.mcpserver.in/blog/sbi-mcp-server-india-banking","/blog/sbi-mcp-server-india-banking","/blog","/blog/[slug]","blog","legacy-blog","P2","2026-08-03","True","True","False",1,0,0,0,0,"","","","","","","UNRESOLVED","","","","",""
"https://www.mcpserver.in/blog/screener-mcp-india","/blog/screener-mcp-india","/blog","/blog/[slug]","blog","legacy-blog","P2","2026-08-09","True","True","True",2,2,16,0.125,7.25,"","","","","","","UNRESOLVED","","","","",""
"https://www.mcpserver.in/blog/sebi-mcp-server-india","/blog/sebi-mcp-server-india","/blog","/blog/[slug]","blog","legacy-blog","P2","2026-08-08","True","True","True",2,0,0,0,0,"","","","","","","UNRESOLVED","","","","",""
"https://www.mcpserver.in/blog/shadowfax-mcp-india","/blog/shadowfax-mcp-india","/blog","/blog/[slug]","blog","legacy-blog","P2","2026-08-08","True","True","True",2,0,0,0,0,"","","","","","","UNRESOLVED","","","","",""
"https://www.mcpserver.in/blog/swiggy-mcp-india","/blog/swiggy-mcp-india","/blog","/blog/[slug]","blog","legacy-blog","P2","2026-08-09","True","True","False",1,0,2,0,7,"","","","","","","UNRESOLVED","","","","",""
"https://www.mcpserver.in/blog/tamil-maharaja-mcp-tn","/blog/tamil-maharaja-mcp-tn","/blog","/blog/[slug]","blog","legacy-blog","P2","2026-08-08","True","True","False",1,0,0,0,0,"","","","","","","UNRESOLVED","","","","",""
"https://www.mcpserver.in/blog/tcs-mcp-india","/blog/tcs-mcp-india","/blog","/blog/[slug]","blog","legacy-blog","P2","2026-08-09","True","True","True",2,0,3,0,1.6666666666666667,"","","","","","","UNRESOLVED","","","","",""
"https://www.mcpserver.in/blog/uber-india-mcp","/blog/uber-india-mcp","/blog","/blog/[slug]","blog","legacy-blog","P2","2026-08-09","True","True","True",2,1,5,0.2,5.4,"","","","","","","UNRESOLVED","","","","",""
"https://www.mcpserver.in/blog/union-bank-mcp-india","/blog/union-bank-mcp-india","/blog","/blog/[slug]","blog","legacy-blog","P2","2026-08-04","True","True","False",1,0,0,0,0,"","","","","","","UNRESOLVED","","","","",""
"https://www.mcpserver.in/blog/upstox-mcp-trading","/blog/upstox-mcp-trading","/blog","/blog/[slug]","blog","legacy-blog","P2","2026-08-09","True","True","True",2,0,18,0,7.891111111111111,"","","","","","","UNRESOLVED","","","","",""
"https://www.mcpserver.in/blog/urbancompany-mcp-india","/blog/urbancompany-mcp-india","/blog","/blog/[slug]","blog","legacy-blog","P2","2026-08-10","True","True","True",2,0,4,0,1,"","","","","","","UNRESOLVED","","","","",""
"https://www.mcpserver.in/blog/vi-mcp-india","/blog/vi-mcp-india","/blog","/blog/[slug]","blog","legacy-blog","P2","2026-08-09","True","True","True",2,0,0,0,0,"","","","","","","UNRESOLVED","","","","",""
"https://www.mcpserver.in/blog/wipro-mcp-india","/blog/wipro-mcp-india","/blog","/blog/[slug]","blog","legacy-blog","P2","2026-08-09","True","True","True",2,0,0,0,0,"","","","","","","UNRESOLVED","","","","",""
"https://www.mcpserver.in/blog/yes-bank-mcp-india","/blog/yes-bank-mcp-india","/blog","/blog/[slug]","blog","legacy-blog","P2","2026-08-08","True","True","True",2,0,0,0,0,"","","","","","","UNRESOLVED","","","","",""
"https://www.mcpserver.in/blog/yes-bank-mcp-server","/blog/yes-bank-mcp-server","/blog","/blog/[slug]","blog","legacy-blog","P2","2026-08-09","True","True","False",1,0,0,0,0,"","","","","","","UNRESOLVED","","","","",""
"https://www.mcpserver.in/blog/zerodha-mcp-server-trading-ai","/blog/zerodha-mcp-server-trading-ai","/blog","/blog/[slug]","blog","legacy-blog","P2","2026-08-09","True","True","True",2,0,48,0,9.773124999999999,"","","","","","","UNRESOLVED","","","","",""
"https://www.mcpserver.in/blog/zoho-desk-mcp-india","/blog/zoho-desk-mcp-india","/blog","/blog/[slug]","blog","legacy-blog","P2","2026-08-03","True","True","False",1,0,2,0,8,"","","","","","","UNRESOLVED","","","","",""
"https://www.mcpserver.in/blog/zoho-inventory-mcp-india","/blog/zoho-inventory-mcp-india","/blog","/blog/[slug]","blog","legacy-blog","P2","2026-08-05","True","True","False",1,0,0,0,0,"","","","","","","UNRESOLVED","","","","",""
"https://www.mcpserver.in/blog/zoho-projects-mcp-india","/blog/zoho-projects-mcp-india","/blog","/blog/[slug]","blog","legacy-blog","P2","2026-08-03","True","True","False",1,0,0,0,0,"","","","","","","UNRESOLVED","","","","",""
"https://www.mcpserver.in/blog/zomato-mcp-india","/blog/zomato-mcp-india","/blog","/blog/[slug]","blog","legacy-blog","P2","2026-08-09","True","True","True",2,0,15,0,7.33,"","","","","","","UNRESOLVED","","","","",""
"https://www.mcpserver.in/clients","/clients","/clients","/clients","clients","aggregate","P0","2026-08-05","True","True","False",1,0,5,0,61,"","","","","","","UNRESOLVED","","","","",""
"https://www.mcpserver.in/clients/claude-desktop","/clients/claude-desktop","/clients","/clients/claude-desktop","clients","guide","P1","2026-08-06","True","True","False",1,0,0,0,0,"","","","","","","UNRESOLVED","","","","",""
"https://www.mcpserver.in/clients/github-copilot","/clients/github-copilot","/clients","/clients/github-copilot","clients","guide","P1","2026-08-06","True","True","False",1,0,0,0,0,"","","","","","","UNRESOLVED","","","","",""
"https://www.mcpserver.in/clients/windsurf","/clients/windsurf","/clients","/clients/windsurf","clients","guide","P1","2026-08-06","True","True","False",1,0,0,0,0,"","","","","","","UNRESOLVED","","","","",""
"https://www.mcpserver.in/community","/community","/community","/community","unknown","unmapped","P3","2026-08-09","False","True","True",2,0,0,0,0,"","","","","","","UNRESOLVED","","","","",""
"https://www.mcpserver.in/compare","/compare","/compare","/compare","compare","aggregate","P0","2026-08-10","True","True","False",1,0,0,0,0,"","","","","","","UNRESOLVED","","","","",""
"https://www.mcpserver.in/compare/docker-mcp-server-vs-kubernetes-mcp-server","/compare/docker-mcp-server-vs-kubernetes-mcp-server","/compare","/compare/[slug]","compare","legacy-compare","P1","2026-08-07","True","True","False",1,0,0,0,0,"","","","","","","UNRESOLVED","","","","",""
"https://www.mcpserver.in/compare/jira-mcp-server-vs-linear-mcp-server","/compare/jira-mcp-server-vs-linear-mcp-server","/compare","/compare/[slug]","compare","legacy-compare","P1","2026-08-07","True","True","False",1,0,0,0,0,"","","","","","","UNRESOLVED","","","","",""
"https://www.mcpserver.in/compare/local-vs-remote-mcp-server","/compare/local-vs-remote-mcp-server","/compare","/compare/[slug]","compare","legacy-compare","P1","2026-08-06","True","True","False",1,0,0,0,0,"","","","","","","UNRESOLVED","","","","",""
"https://www.mcpserver.in/compare/mcp-vs-openapi","/compare/mcp-vs-openapi","/compare","/compare/[slug]","compare","legacy-compare","P1","2026-08-08","True","True","False",1,0,1,0,1,"","","","","","","UNRESOLVED","","","","",""
"https://www.mcpserver.in/compare/postman-mcp-server-vs-swagger-mcp-server","/compare/postman-mcp-server-vs-swagger-mcp-server","/compare","/compare/[slug]","compare","legacy-compare","P1","2026-08-07","True","True","False",1,0,0,0,0,"","","","","","","UNRESOLVED","","","","",""
"https://www.mcpserver.in/compare/python-vs-typescript-mcp","/compare/python-vs-typescript-mcp","/compare","/compare/[slug]","compare","legacy-compare","P1","2026-08-06","True","True","False",1,0,1,0,9,"","","","","","","UNRESOLVED","","","","",""
"https://www.mcpserver.in/compare/redis-mcp-server-vs-mongodb-mcp-server","/compare/redis-mcp-server-vs-mongodb-mcp-server","/compare","/compare/[slug]","compare","legacy-compare","P1","2026-08-07","True","True","False",1,0,0,0,0,"","","","","","","UNRESOLVED","","","","",""
"https://www.mcpserver.in/compare/sentry-mcp-server-vs-datadog-mcp-server","/compare/sentry-mcp-server-vs-datadog-mcp-server","/compare","/compare/[slug]","compare","legacy-compare","P1","2026-08-07","True","True","False",1,0,0,0,0,"","","","","","","UNRESOLVED","","","","",""
"https://www.mcpserver.in/compare/stdio-vs-streamable-http","/compare/stdio-vs-streamable-http","/compare","/compare/[slug]","compare","legacy-compare","P1","2026-08-06","True","True","False",1,0,1,0,31,"","","","","","","UNRESOLVED","","","","",""
"https://www.mcpserver.in/compare/vercel-mcp-server-vs-cloudflare-mcp-server","/compare/vercel-mcp-server-vs-cloudflare-mcp-server","/compare","/compare/[slug]","compare","legacy-compare","P1","2026-08-07","True","True","False",1,0,0,0,0,"","","","","","","UNRESOLVED","","","","",""
"https://www.mcpserver.in/complete-guide-mcp-servers","/complete-guide-mcp-servers","/complete-guide-mcp-servers","/guides/best-mcp-servers","guides","guide","P1","2026-08-03","False","True","True",1,0,0,0,0,"","","","","","","UNRESOLVED","","","","",""
"https://www.mcpserver.in/compliance/matrix","/compliance/matrix","/compliance","/404","unknown","unmapped","P3","2026-08-06","True","True","False",1,0,3,0,38.33,"","","","","","","UNRESOLVED","","","","",""
"https://www.mcpserver.in/databases/bigquery-mcp-server","/databases/bigquery-mcp-server","/databases","/guides/mcp-servers-for-databases","guides","guide","P1","2026-08-06","True","True","False",1,0,0,0,0,"","","","","","","UNRESOLVED","","","","",""
"https://www.mcpserver.in/databases/firebase-mcp-server","/databases/firebase-mcp-server","/databases","/guides/mcp-servers-for-databases","guides","guide","P1","2026-08-06","True","True","False",1,0,0,0,0,"","","","","","","UNRESOLVED","","","","",""
"https://www.mcpserver.in/databases/postgresql-mcp-server","/databases/postgresql-mcp-server","/databases","/guides/mcp-servers-for-databases","guides","guide","P1","2026-08-06","True","True","False",1,0,0,0,0,"","","","","","","UNRESOLVED","","","","",""
"https://www.mcpserver.in/deployment/aws","/deployment/aws","/deployment","/build/[slug]","build","legacy-build","P2","2026-08-06","True","True","False",1,0,3,0,37.67,"","","","","","","UNRESOLVED","","","","",""
"https://www.mcpserver.in/deployment/google-cloud","/deployment/google-cloud","/deployment","/build/[slug]","build","legacy-build","P2","2026-08-06","True","True","False",1,0,0,0,0,"","","","","","","UNRESOLVED","","","","",""
"https://www.mcpserver.in/deployment/kubernetes","/deployment/kubernetes","/deployment","/build/[slug]","build","legacy-build","P2","2026-08-06","True","True","False",1,0,0,0,0,"","","","","","","UNRESOLVED","","","","",""
"https://www.mcpserver.in/deployment/railway","/deployment/railway","/deployment","/build/[slug]","build","legacy-build","P2","2026-08-06","True","True","False",1,0,0,0,0,"","","","","","","UNRESOLVED","","","","",""
"https://www.mcpserver.in/deployment/self-hosted","/deployment/self-hosted","/deployment","/build/[slug]","build","legacy-build","P2","2026-08-06","True","True","False",1,0,0,0,0,"","","","","","","UNRESOLVED","","","","",""
"https://www.mcpserver.in/deployment/vercel","/deployment/vercel","/deployment","/build/[slug]","build","legacy-build","P2","2026-08-06","True","True","False",1,0,0,0,0,"","","","","","","UNRESOLVED","","","","",""
"https://www.mcpserver.in/directory","/directory","/directory","/404","unknown","unmapped","P3","2026-08-14","True","True","False",1,0,0,0,0,"","","","","","","UNRESOLVED","","","","",""
"https://www.mcpserver.in/directory/databases","/directory/databases","/directory","/servers","servers","aggregate","P0","2026-08-03","True","True","False",1,0,0,0,0,"","","","","","","UNRESOLVED","","","","",""
"https://www.mcpserver.in/directory/devops","/directory/devops","/directory","/servers","servers","aggregate","P0","2026-08-14","True","True","True",2,0,0,0,0,"","","","","","","UNRESOLVED","","","","",""
"https://www.mcpserver.in/directory/iot","/directory/iot","/directory","/servers","servers","aggregate","P0","2026-08-06","True","True","True",2,0,0,0,0,"","","","","","","UNRESOLVED","","","","",""
"https://www.mcpserver.in/directory/monitoring","/directory/monitoring","/directory","/servers","servers","aggregate","P0","2026-08-06","True","True","True",2,0,2,0,79.5,"","","","","","","UNRESOLVED","","","","",""
"https://www.mcpserver.in/docs","/docs","/docs","/404","unknown","unmapped","P3","2026-08-18","True","True","False",2,0,0,0,0,"","","","","","","UNRESOLVED","","","","",""
"https://www.mcpserver.in/docs/advanced","/docs/advanced","/docs","/docs/[slug]","docs","legacy-docs","P2","2026-08-09","True","True","True",2,0,0,0,0,"","","","","","","UNRESOLVED","","","","",""
"https://www.mcpserver.in/docs/comparisons","/docs/comparisons","/docs","/docs/[slug]","docs","legacy-docs","P2","2026-08-09","True","True","False",1,0,0,0,0,"","","","","","","UNRESOLVED","","","","",""
"https://www.mcpserver.in/docs/comparisons/when-to-use-mcp","/docs/comparisons/when-to-use-mcp","/docs","/docs/[slug]","docs","legacy-docs","P2","2026-08-05","True","True","False",1,0,0,0,0,"","","","","","","UNRESOLVED","","","","",""
"https://www.mcpserver.in/docs/compliance/audit-logging","/docs/compliance/audit-logging","/docs","/docs/[slug]","docs","legacy-docs","P2","2026-08-03","True","True","True",2,0,0,0,0,"","","","","","","UNRESOLVED","","","","",""
"https://www.mcpserver.in/docs/compliance/dpdp-checklist","/docs/compliance/dpdp-checklist","/docs","/docs/[slug]","docs","legacy-docs","P2","2026-08-03","True","True","True",2,0,0,0,0,"","","","","","","UNRESOLVED","","","","",""
"https://www.mcpserver.in/docs/compliance/dpdp-compliance-guide","/docs/compliance/dpdp-compliance-guide","/docs","/docs/[slug]","docs","legacy-docs","P2","2026-07-20","True","True","False",1,0,0,0,0,"","","","","","","UNRESOLVED","","","","",""
"https://www.mcpserver.in/docs/compliance/rbi-compliance","/docs/compliance/rbi-compliance","/docs","/docs/[slug]","docs","legacy-docs","P2","2026-08-03","True","True","False",1,0,0,0,0,"","","","","","","UNRESOLVED","","","","",""
"https://www.mcpserver.in/docs/compliance/security-best-practices","/docs/compliance/security-best-practices","/docs","/docs/[slug]","docs","legacy-docs","P2","2026-08-08","True","True","False",1,0,0,0,0,"","","","","","","UNRESOLVED","","","","",""
"https://www.mcpserver.in/docs/deployment/google-cloud-run","/docs/deployment/google-cloud-run","/docs","/docs/[slug]","docs","legacy-docs","P2","2026-08-03","True","True","False",1,0,0,0,0,"","","","","","","UNRESOLVED","","","","",""
"https://www.mcpserver.in/docs/deployment/kubernetes-deployment","/docs/deployment/kubernetes-deployment","/docs","/docs/[slug]","docs","legacy-docs","P2","2026-08-03","True","True","False",1,0,0,0,0,"","","","","","","UNRESOLVED","","","","",""
"https://www.mcpserver.in/docs/development/bigquery-integration","/docs/development/bigquery-integration","/docs","/docs/[slug]","docs","legacy-docs","P2","2026-08-03","True","True","True",2,0,0,0,0,"","","","","","","UNRESOLVED","","","","",""
"https://www.mcpserver.in/docs/development/elasticsearch-integration","/docs/development/elasticsearch-integration","/docs","/docs/[slug]","docs","legacy-docs","P2","2026-08-03","True","True","False",1,0,0,0,0,"","","","","","","UNRESOLVED","","","","",""
"https://www.mcpserver.in/docs/development/publishing","/docs/development/publishing","/docs","/docs/[slug]","docs","legacy-docs","P2","2026-08-03","True","True","False",1,0,1,0,7,"","","","","","","UNRESOLVED","","","","",""
"https://www.mcpserver.in/docs/development/snowflake-integration","/docs/development/snowflake-integration","/docs","/docs/[slug]","docs","legacy-docs","P2","2026-08-03","True","True","False",1,0,0,0,0,"","","","","","","UNRESOLVED","","","","",""
"https://www.mcpserver.in/docs/development/supabase-integration","/docs/development/supabase-integration","/docs","/docs/[slug]","docs","legacy-docs","P2","2026-08-03","True","True","False",1,0,0,0,0,"","","","","","","UNRESOLVED","","","","",""
"https://www.mcpserver.in/docs/getting-started","/docs/getting-started","/docs","/docs/[slug]","docs","legacy-docs","P2","2026-08-08","True","True","True",2,0,0,0,0,"","","","","","","UNRESOLVED","","","","",""
"https://www.mcpserver.in/docs/getting-started/managed-edge-hosting","/docs/getting-started/managed-edge-hosting","/docs","/docs/[slug]","docs","legacy-docs","P2","2026-08-08","True","True","False",1,0,0,0,0,"","","","","","","UNRESOLVED","","","","",""
"https://www.mcpserver.in/docs/industry","/docs/industry","/docs","/docs/[slug]","docs","legacy-docs","P2","2026-08-09","True","True","False",1,0,0,0,0,"","","","","","","UNRESOLVED","","","","",""
"https://www.mcpserver.in/docs/industry/education","/docs/industry/education","/docs","/docs/[slug]","docs","legacy-docs","P2","2026-08-03","True","True","False",1,0,0,0,0,"","","","","","","UNRESOLVED","","","","",""
"https://www.mcpserver.in/docs/industry/gst-integration","/docs/industry/gst-integration","/docs","/docs/[slug]","docs","legacy-docs","P2","2026-07-24","True","True","False",1,0,0,0,0,"","","","","","","UNRESOLVED","","","","",""
"https://www.mcpserver.in/docs/internationalization","/docs/internationalization","/docs","/docs/[slug]","docs","legacy-docs","P2","2026-08-09","True","True","True",2,0,1,0,7,"","","","","","","UNRESOLVED","","","","",""
"https://www.mcpserver.in/docs/monitoring/observability-best-practices","/docs/monitoring/observability-best-practices","/docs","/docs/[slug]","docs","legacy-docs","P2","2026-08-09","True","True","True",2,0,0,0,0,"","","","","","","UNRESOLVED","","","","",""
"https://www.mcpserver.in/docs/performance","/docs/performance","/docs","/docs/[slug]","docs","legacy-docs","P2","2026-08-09","True","True","True",2,0,0,0,0,"","","","","","","UNRESOLVED","","","","",""
"https://www.mcpserver.in/docs/pricing/hidden-costs","/docs/pricing/hidden-costs","/docs","/docs/[slug]","docs","legacy-docs","P2","2026-08-07","True","True","False",1,0,0,0,0,"","","","","","","UNRESOLVED","","","","",""
"https://www.mcpserver.in/docs/protocol","/docs/protocol","/docs","/docs/[slug]","docs","legacy-docs","P2","2026-08-08","True","True","True",2,0,0,0,0,"","","","","","","UNRESOLVED","","","","",""
"https://www.mcpserver.in/docs/protocol/tools","/docs/protocol/tools","/docs","/docs/[slug]","docs","legacy-docs","P2","2026-08-09","True","True","False",1,0,0,0,0,"","","","","","","UNRESOLVED","","","","",""
"https://www.mcpserver.in/docs/servers/adyen-mcp-server","/docs/servers/adyen-mcp-server","/docs","/docs/[slug]","docs","legacy-docs","P2","2026-08-09","True","True","True",2,0,0,0,0,"","","","","","","UNRESOLVED","","","","",""
"https://www.mcpserver.in/docs/servers/bitbucket-mcp-server","/docs/servers/bitbucket-mcp-server","/docs","/docs/[slug]","docs","legacy-docs","P2","2026-08-03","True","True","False",1,0,0,0,0,"","","","","","","UNRESOLVED","","","","",""
"https://www.mcpserver.in/docs/servers/cassandra-mcp-server","/docs/servers/cassandra-mcp-server","/docs","/docs/[slug]","docs","legacy-docs","P2","2026-08-09","True","True","True",2,0,0,0,0,"","","","","","","UNRESOLVED","","","","",""
"https://www.mcpserver.in/docs/servers/chargebee-mcp-server","/docs/servers/chargebee-mcp-server","/docs","/docs/[slug]","docs","legacy-docs","P2","2026-08-03","True","True","False",1,0,0,0,0,"","","","","","","UNRESOLVED","","","","",""
"https://www.mcpserver.in/docs/servers/circleci-mcp-server","/docs/servers/circleci-mcp-server","/docs","/docs/[slug]","docs","legacy-docs","P2","2026-08-09","True","True","True",2,0,0,0,0,"","","","","","","UNRESOLVED","","","","",""
"https://www.mcpserver.in/docs/servers/cohere-mcp-server","/docs/servers/cohere-mcp-server","/docs","/docs/[slug]","docs","legacy-docs","P2","2026-08-03","True","True","False",1,0,0,0,0,"","","","","","","UNRESOLVED","","","","",""
"https://www.mcpserver.in/docs/servers/discord-mcp-server","/docs/servers/discord-mcp-server","/docs","/docs/[slug]","docs","legacy-docs","P2","2026-08-09","True","True","False",1,0,0,0,0,"","","","","","","UNRESOLVED","","","","",""
"https://www.mcpserver.in/docs/servers/dynamodb-mcp-server","/docs/servers/dynamodb-mcp-server","/docs","/docs/[slug]","docs","legacy-docs","P2","2026-08-09","True","True","True",2,0,0,0,0,"","","","","","","UNRESOLVED","","","","",""
"https://www.mcpserver.in/docs/servers/elasticsearch-mcp-server","/docs/servers/elasticsearch-mcp-server","/docs","/docs/[slug]","docs","legacy-docs","P2","2026-08-09","True","True","False",1,0,0,0,0,"","","","","","","UNRESOLVED","","","","",""
"https://www.mcpserver.in/docs/servers/figma-mcp-server","/docs/servers/figma-mcp-server","/docs","/docs/[slug]","docs","legacy-docs","P2","2026-08-09","True","True","True",2,0,0,0,0,"","","","","","","UNRESOLVED","","","","",""
"https://www.mcpserver.in/docs/servers/firebase-mcp-server","/docs/servers/firebase-mcp-server","/docs","/docs/[slug]","docs","legacy-docs","P2","2026-08-03","True","True","False",1,0,0,0,0,"","","","","","","UNRESOLVED","","","","",""
"https://www.mcpserver.in/docs/servers/fly-io-mcp-server","/docs/servers/fly-io-mcp-server","/docs","/docs/[slug]","docs","legacy-docs","P2","2026-08-09","True","True","True",2,0,0,0,0,"","","","","","","UNRESOLVED","","","","",""
"https://www.mcpserver.in/docs/servers/gitbook-mcp-server","/docs/servers/gitbook-mcp-server","/docs","/docs/[slug]","docs","legacy-docs","P2","2026-08-09","True","True","True",2,0,0,0,0,"","","","","","","UNRESOLVED","","","","",""
"https://www.mcpserver.in/docs/servers/google-drive-mcp-server","/docs/servers/google-drive-mcp-server","/docs","/docs/[slug]","docs","legacy-docs","P2","2026-07-20","True","True","False",1,0,0,0,0,"","","","","","","UNRESOLVED","","","","",""
"https://www.mcpserver.in/docs/servers/google-meet-mcp-server","/docs/servers/google-meet-mcp-server","/docs","/docs/[slug]","docs","legacy-docs","P2","2026-07-20","False","True","True",1,0,0,0,0,"","","","","","","UNRESOLVED","","","","",""
"https://www.mcpserver.in/docs/servers/google-search-mcp-server","/docs/servers/google-search-mcp-server","/docs","/docs/[slug]","docs","legacy-docs","P2","2026-07-20","False","True","True",1,0,0,0,0,"","","","","","","UNRESOLVED","","","","",""
"https://www.mcpserver.in/docs/servers/hubspot-mcp-server","/docs/servers/hubspot-mcp-server","/docs","/docs/[slug]","docs","legacy-docs","P2","2026-08-03","True","True","False",1,0,1,0,5,"","","","","","","UNRESOLVED","","","","",""
"https://www.mcpserver.in/docs/servers/jenkins-mcp-server","/docs/servers/jenkins-mcp-server","/docs","/docs/[slug]","docs","legacy-docs","P2","2026-08-09","True","True","False",1,0,0,0,0,"","","","","","","UNRESOLVED","","","","",""
"https://www.mcpserver.in/docs/servers/kubernetes-mcp-server","/docs/servers/kubernetes-mcp-server","/docs","/docs/[slug]","docs","legacy-docs","P2","2026-07-20","True","True","False",1,0,0,0,0,"","","","","","","UNRESOLVED","","","","",""
"https://www.mcpserver.in/docs/servers/linode-mcp-server","/docs/servers/linode-mcp-server","/docs","/docs/[slug]","docs","legacy-docs","P2","2026-08-09","True","True","True",2,0,0,0,0,"","","","","","","UNRESOLVED","","","","",""
"https://www.mcpserver.in/docs/servers/mailchimp-mcp-server","/docs/servers/mailchimp-mcp-server","/docs","/docs/[slug]","docs","legacy-docs","P2","2026-07-20","False","True","True",1,0,0,0,0,"","","","","","","UNRESOLVED","","","","",""
"https://www.mcpserver.in/docs/servers/mongodb-mcp-server","/docs/servers/mongodb-mcp-server","/docs","/docs/[slug]","docs","legacy-docs","P2","2026-08-03","True","True","False",1,0,0,0,0,"","","","","","","UNRESOLVED","","","","",""
"https://www.mcpserver.in/docs/servers/ms-teams-mcp-server","/docs/servers/ms-teams-mcp-server","/docs","/docs/[slug]","docs","legacy-docs","P2","2026-08-09","True","True","True",2,0,0,0,0,"","","","","","","UNRESOLVED","","","","",""
"https://www.mcpserver.in/docs/servers/mysql-mcp-server","/docs/servers/mysql-mcp-server","/docs","/docs/[slug]","docs","legacy-docs","P2","2026-08-03","True","True","False",1,0,0,0,0,"","","","","","","UNRESOLVED","","","","",""
"https://www.mcpserver.in/docs/servers/neo4j-mcp-server","/docs/servers/neo4j-mcp-server","/docs","/docs/[slug]","docs","legacy-docs","P2","2026-08-09","True","True","True",2,0,0,0,0,"","","","","","","UNRESOLVED","","","","",""
"https://www.mcpserver.in/docs/servers/newrelic-mcp-server","/docs/servers/newrelic-mcp-server","/docs","/docs/[slug]","docs","legacy-docs","P2","2026-08-09","True","True","True",2,0,0,0,0,"","","","","","","UNRESOLVED","","","","",""
"https://www.mcpserver.in/docs/servers/notion-mcp-server","/docs/servers/notion-mcp-server","/docs","/docs/[slug]","docs","legacy-docs","P2","2026-08-03","True","True","False",1,0,0,0,0,"","","","","","","UNRESOLVED","","","","",""
"https://www.mcpserver.in/docs/servers/ollama-mcp-server","/docs/servers/ollama-mcp-server","/docs","/docs/[slug]","docs","legacy-docs","P2","2026-08-09","False","True","True",1,0,0,0,0,"","","","","","","UNRESOLVED","","","","",""
"https://www.mcpserver.in/docs/servers/oracle-mcp-server","/docs/servers/oracle-mcp-server","/docs","/docs/[slug]","docs","legacy-docs","P2","2026-08-03","True","True","False",1,0,0,0,0,"","","","","","","UNRESOLVED","","","","",""
"https://www.mcpserver.in/docs/servers/paddle-mcp-server","/docs/servers/paddle-mcp-server","/docs","/docs/[slug]","docs","legacy-docs","P2","2026-08-09","True","True","True",2,0,0,0,0,"","","","","","","UNRESOLVED","","","","",""
"https://www.mcpserver.in/docs/servers/paypal-mcp-server","/docs/servers/paypal-mcp-server","/docs","/docs/[slug]","docs","legacy-docs","P2","2026-08-03","True","True","False",1,0,0,0,0,"","","","","","","UNRESOLVED","","","","",""
"https://www.mcpserver.in/docs/servers/postgres-mcp-server","/docs/servers/postgres-mcp-server","/docs","/docs/[slug]","docs","legacy-docs","P2","2026-08-03","True","True","False",1,0,0,0,0,"","","","","","","UNRESOLVED","","","","",""
"https://www.mcpserver.in/docs/servers/redis-mcp-server","/docs/servers/redis-mcp-server","/docs","/docs/[slug]","docs","legacy-docs","P2","2026-08-03","True","True","False",1,0,0,0,0,"","","","","","","UNRESOLVED","","","","",""
"https://www.mcpserver.in/docs/servers/render-mcp-server","/docs/servers/render-mcp-server","/docs","/docs/[slug]","docs","legacy-docs","P2","2026-08-09","True","True","True",2,0,0,0,0,"","","","","","","UNRESOLVED","","","","",""
"https://www.mcpserver.in/docs/servers/sentry-mcp-server","/docs/servers/sentry-mcp-server","/docs","/docs/[slug]","docs","legacy-docs","P2","2026-08-09","True","True","False",1,0,0,0,0,"","","","","","","UNRESOLVED","","","","",""
"https://www.mcpserver.in/docs/servers/sonarqube-mcp-server","/docs/servers/sonarqube-mcp-server","/docs","/docs/[slug]","docs","legacy-docs","P2","2026-08-09","True","True","True",2,0,0,0,0,"","","","","","","UNRESOLVED","","","","",""
"https://www.mcpserver.in/docs/servers/sqlite-mcp-server","/docs/servers/sqlite-mcp-server","/docs","/docs/[slug]","docs","legacy-docs","P2","2026-08-03","True","True","False",1,0,0,0,0,"","","","","","","UNRESOLVED","","","","",""
"https://www.mcpserver.in/docs/servers/supabase-cloud-mcp-server","/docs/servers/supabase-cloud-mcp-server","/docs","/docs/[slug]","docs","legacy-docs","P2","2026-08-09","True","True","True",2,0,0,0,0,"","","","","","","UNRESOLVED","","","","",""
"https://www.mcpserver.in/docs/servers/swagger-mcp-server","/docs/servers/swagger-mcp-server","/docs","/docs/[slug]","docs","legacy-docs","P2","2026-08-09","True","True","True",2,0,0,0,0,"","","","","","","UNRESOLVED","","","","",""
"https://www.mcpserver.in/docs/servers/trello-mcp-server","/docs/servers/trello-mcp-server","/docs","/docs/[slug]","docs","legacy-docs","P2","2026-07-20","True","True","False",1,0,0,0,0,"","","","","","","UNRESOLVED","","","","",""
"https://www.mcpserver.in/docs/servers/vercel-mcp-server","/docs/servers/vercel-mcp-server","/docs","/docs/[slug]","docs","legacy-docs","P2","2026-08-03","True","True","False",1,0,1,0,25,"","","","","","","UNRESOLVED","","","","",""
"https://www.mcpserver.in/docs/servers/woocommerce-mcp-server","/docs/servers/woocommerce-mcp-server","/docs","/docs/[slug]","docs","legacy-docs","P2","2026-08-09","True","True","True",2,0,0,0,0,"","","","","","","UNRESOLVED","","","","",""
"https://www.mcpserver.in/docs/servers/xero-mcp-server","/docs/servers/xero-mcp-server","/docs","/docs/[slug]","docs","legacy-docs","P2","2026-08-09","True","True","False",1,0,0,0,0,"","","","","","","UNRESOLVED","","","","",""
"https://www.mcpserver.in/docs/servers/zoom-mcp-server","/docs/servers/zoom-mcp-server","/docs","/docs/[slug]","docs","legacy-docs","P2","2026-08-09","True","True","True",2,0,0,0,0,"","","","","","","UNRESOLVED","","","","",""
"https://www.mcpserver.in/docs/troubleshooting","/docs/troubleshooting","/docs","/docs/[slug]","docs","legacy-docs","P2","2026-08-09","True","True","True",2,0,0,0,0,"","","","","","","UNRESOLVED","","","","",""
"https://www.mcpserver.in/docs/troubleshooting/common-issues","/docs/troubleshooting/common-issues","/docs","/docs/[slug]","docs","legacy-docs","P2","2026-08-03","True","True","True",2,0,3,0,7.333333333333333,"","","","","","","UNRESOLVED","","","","",""
"https://www.mcpserver.in/faq","/faq","/faq","/faq","unknown","unmapped","P3","2026-07-22","True","True","False",1,0,0,0,0,"","","","","","","UNRESOLVED","","","","",""
"https://www.mcpserver.in/frameworks/fastmcp","/frameworks/fastmcp","/frameworks","/build/[slug]","build","legacy-build","P2","2026-08-06","True","True","False",1,0,0,0,0,"","","","","","","UNRESOLVED","","","","",""
"https://www.mcpserver.in/frameworks/spring-ai-mcp","/frameworks/spring-ai-mcp","/frameworks","/build/[slug]","build","legacy-build","P2","2026-08-06","True","True","False",1,0,1,0,36,"","","","","","","UNRESOLVED","","","","",""
"https://www.mcpserver.in/glossary","/glossary","/glossary","/glossary","glossary","aggregate","P0","2026-08-12","True","True","True",3,0,0,0,0,"","","","","","","UNRESOLVED","","","","",""
"https://www.mcpserver.in/glossary/agent","/glossary/agent","/glossary","/glossary/[slug]","glossary","legacy-glossary","P1","2026-08-03","True","True","False",1,0,12,0,50.330000000000005,"","","","","","","UNRESOLVED","","","","",""
"https://www.mcpserver.in/glossary/alignment","/glossary/alignment","/glossary","/glossary/[slug]","glossary","legacy-glossary","P1","2026-08-03","True","True","False",1,0,0,0,0,"","","","","","","UNRESOLVED","","","","",""
"https://www.mcpserver.in/glossary/asr","/glossary/asr","/glossary","/glossary/[slug]","glossary","legacy-glossary","P1","2026-08-03","True","True","False",1,0,0,0,0,"","","","","","","UNRESOLVED","","","","",""
"https://www.mcpserver.in/glossary/bigquery-mcp","/glossary/bigquery-mcp","/glossary","/glossary/[slug]","glossary","legacy-glossary","P1","2026-08-03","True","True","False",1,0,0,0,0,"","","","","","","UNRESOLVED","","","","",""
"https://www.mcpserver.in/glossary/bpe","/glossary/bpe","/glossary","/glossary/[slug]","glossary","legacy-glossary","P1","2026-08-04","True","True","False",1,0,0,0,0,"","","","","","","UNRESOLVED","","","","",""
"https://www.mcpserver.in/glossary/chain-of-thought","/glossary/chain-of-thought","/glossary","/glossary/[slug]","glossary","legacy-glossary","P1","2026-08-11","True","True","False",1,0,0,0,0,"","","","","","","UNRESOLVED","","","","",""
"https://www.mcpserver.in/glossary/chromadb-mcp","/glossary/chromadb-mcp","/glossary","/glossary/[slug]","glossary","legacy-glossary","P1","2026-08-03","True","True","False",1,0,0,0,0,"","","","","","","UNRESOLVED","","","","",""
"https://www.mcpserver.in/glossary/clickhouse-mcp","/glossary/clickhouse-mcp","/glossary","/glossary/[slug]","glossary","legacy-glossary","P1","2026-08-03","True","True","True",2,0,0,0,0,"","","","","","","UNRESOLVED","","","","",""
"https://www.mcpserver.in/glossary/context-window","/glossary/context-window","/glossary","/glossary/[slug]","glossary","legacy-glossary","P1","2026-08-03","True","True","False",1,0,0,0,0,"","","","","","","UNRESOLVED","","","","",""
"https://www.mcpserver.in/glossary/cosine-similarity","/glossary/cosine-similarity","/glossary","/glossary/[slug]","glossary","legacy-glossary","P1","2026-08-03","True","True","False",1,0,0,0,0,"","","","","","","UNRESOLVED","","","","",""
"https://www.mcpserver.in/glossary/crewai-mcp","/glossary/crewai-mcp","/glossary","/glossary/[slug]","glossary","legacy-glossary","P1","2026-08-03","True","True","False",1,0,0,0,0,"","","","","","","UNRESOLVED","","","","",""
"https://www.mcpserver.in/glossary/cve-management","/glossary/cve-management","/glossary","/glossary/[slug]","glossary","legacy-glossary","P1","2026-08-03","True","True","True",2,0,0,0,0,"","","","","","","UNRESOLVED","","","","",""
"https://www.mcpserver.in/glossary/datadog-mcp","/glossary/datadog-mcp","/glossary","/glossary/[slug]","glossary","legacy-glossary","P1","2026-08-03","True","True","False",1,0,0,0,0,"","","","","","","UNRESOLVED","","","","",""
"https://www.mcpserver.in/glossary/docker-mcp","/glossary/docker-mcp","/glossary","/glossary/[slug]","glossary","legacy-glossary","P1","2026-08-03","True","True","False",1,0,0,0,0,"","","","","","","UNRESOLVED","","","","",""
"https://www.mcpserver.in/glossary/dpdp","/glossary/dpdp","/glossary","/glossary/[slug]","glossary","legacy-glossary","P1","2026-08-03","True","True","True",3,0,0,0,0,"","","","","","","UNRESOLVED","","","","",""
"https://www.mcpserver.in/glossary/dynamodb-mcp","/glossary/dynamodb-mcp","/glossary","/glossary/[slug]","glossary","legacy-glossary","P1","2026-08-03","True","True","False",1,0,0,0,0,"","","","","","","UNRESOLVED","","","","",""
"https://www.mcpserver.in/glossary/elasticsearch-mcp","/glossary/elasticsearch-mcp","/glossary","/glossary/[slug]","glossary","legacy-glossary","P1","2026-08-03","True","True","False",1,0,0,0,0,"","","","","","","UNRESOLVED","","","","",""
"https://www.mcpserver.in/glossary/embedding","/glossary/embedding","/glossary","/glossary/[slug]","glossary","legacy-glossary","P1","2026-08-03","True","True","False",1,0,0,0,0,"","","","","","","UNRESOLVED","","","","",""
"https://www.mcpserver.in/glossary/encryption-in-transit","/glossary/encryption-in-transit","/glossary","/glossary/[slug]","glossary","legacy-glossary","P1","2026-08-03","True","True","False",1,0,0,0,0,"","","","","","","UNRESOLVED","","","","",""
"https://www.mcpserver.in/glossary/few-shot-learning","/glossary/few-shot-learning","/glossary","/glossary/[slug]","glossary","legacy-glossary","P1","2026-08-03","True","True","False",1,0,0,0,0,"","","","","","","UNRESOLVED","","","","",""
"https://www.mcpserver.in/glossary/gateway","/glossary/gateway","/glossary","/glossary/[slug]","glossary","legacy-glossary","P1","2026-08-03","True","True","False",1,0,2,0,75,"","","","","","","UNRESOLVED","","","","",""
"https://www.mcpserver.in/glossary/github-actions-mcp","/glossary/github-actions-mcp","/glossary","/glossary/[slug]","glossary","legacy-glossary","P1","2026-08-03","True","True","False",1,0,0,0,0,"","","","","","","UNRESOLVED","","","","",""
"https://www.mcpserver.in/glossary/guardrails","/glossary/guardrails","/glossary","/glossary/[slug]","glossary","legacy-glossary","P1","2026-08-03","True","True","False",1,0,0,0,0,"","","","","","","UNRESOLVED","","","","",""
"https://www.mcpserver.in/glossary/hallucination","/glossary/hallucination","/glossary","/glossary/[slug]","glossary","legacy-glossary","P1","2026-08-03","True","True","False",1,0,0,0,0,"","","","","","","UNRESOLVED","","","","",""
"https://www.mcpserver.in/glossary/hardware-abstraction-mcp","/glossary/hardware-abstraction-mcp","/glossary","/glossary/[slug]","glossary","legacy-glossary","P1","2026-08-05","True","True","True",2,0,0,0,0,"","","","","","","UNRESOLVED","","","","",""
"https://www.mcpserver.in/glossary/hnsw","/glossary/hnsw","/glossary","/glossary/[slug]","glossary","legacy-glossary","P1","2026-08-03","True","True","False",1,0,7,0,54.71,"","","","","","","UNRESOLVED","","","","",""
"https://www.mcpserver.in/glossary/inference","/glossary/inference","/glossary","/glossary/[slug]","glossary","legacy-glossary","P1","2026-08-03","True","True","False",1,0,0,0,0,"","","","","","","UNRESOLVED","","","","",""
"https://www.mcpserver.in/glossary/kv-cache","/glossary/kv-cache","/glossary","/glossary/[slug]","glossary","legacy-glossary","P1","2026-08-03","True","True","False",1,0,0,0,0,"","","","","","","UNRESOLVED","","","","",""
"https://www.mcpserver.in/glossary/large-language-model","/glossary/large-language-model","/glossary","/glossary/[slug]","glossary","legacy-glossary","P1","2026-08-03","True","True","False",1,0,0,0,0,"","","","","","","UNRESOLVED","","","","",""
"https://www.mcpserver.in/glossary/llamaindex-mcp","/glossary/llamaindex-mcp","/glossary","/glossary/[slug]","glossary","legacy-glossary","P1","2026-08-03","True","True","False",1,0,0,0,0,"","","","","","","UNRESOLVED","","","","",""
"https://www.mcpserver.in/glossary/llm-ops","/glossary/llm-ops","/glossary","/glossary/[slug]","glossary","legacy-glossary","P1","2026-08-03","True","True","False",1,0,0,0,0,"","","","","","","UNRESOLVED","","","","",""
"https://www.mcpserver.in/glossary/lm-studio-mcp","/glossary/lm-studio-mcp","/glossary","/glossary/[slug]","glossary","legacy-glossary","P1","2026-08-03","True","True","False",1,0,0,0,0,"","","","","","","UNRESOLVED","","","","",""
"https://www.mcpserver.in/glossary/lora","/glossary/lora","/glossary","/glossary/[slug]","glossary","legacy-glossary","P1","2026-08-03","True","True","True",2,0,0,0,0,"","","","","","","UNRESOLVED","","","","",""
"https://www.mcpserver.in/glossary/mcp-agent-collaboration","/glossary/mcp-agent-collaboration","/glossary","/glossary/[slug]","glossary","legacy-glossary","P1","2026-08-08","True","True","False",1,0,0,0,0,"","","","","","","UNRESOLVED","","","","",""
"https://www.mcpserver.in/glossary/mcp-agent-delegation","/glossary/mcp-agent-delegation","/glossary","/glossary/[slug]","glossary","legacy-glossary","P1","2026-08-03","True","True","False",1,0,0,0,0,"","","","","","","UNRESOLVED","","","","",""
"https://www.mcpserver.in/glossary/mcp-agent-memory","/glossary/mcp-agent-memory","/glossary","/glossary/[slug]","glossary","legacy-glossary","P1","2026-08-03","True","True","False",1,0,0,0,0,"","","","","","","UNRESOLVED","","","","",""
"https://www.mcpserver.in/glossary/mcp-agent-orchestration","/glossary/mcp-agent-orchestration","/glossary","/glossary/[slug]","glossary","legacy-glossary","P1","2026-08-03","True","True","False",1,0,0,0,0,"","","","","","","UNRESOLVED","","","","",""
"https://www.mcpserver.in/glossary/mcp-agent-planning","/glossary/mcp-agent-planning","/glossary","/glossary/[slug]","glossary","legacy-glossary","P1","2026-07-21","True","True","False",1,0,0,0,0,"","","","","","","UNRESOLVED","","","","",""
"https://www.mcpserver.in/glossary/mcp-agent-tools","/glossary/mcp-agent-tools","/glossary","/glossary/[slug]","glossary","legacy-glossary","P1","2026-08-03","True","True","False",1,0,0,0,0,"","","","","","","UNRESOLVED","","","","",""
"https://www.mcpserver.in/glossary/mcp-alert-manager-68","/glossary/mcp-alert-manager-68","/glossary","/glossary/[slug]","glossary","legacy-glossary","P1","2026-08-03","True","True","False",1,0,0,0,0,"","","","","","","UNRESOLVED","","","","",""
"https://www.mcpserver.in/glossary/mcp-alerting","/glossary/mcp-alerting","/glossary","/glossary/[slug]","glossary","legacy-glossary","P1","2026-08-03","True","True","False",1,0,0,0,0,"","","","","","","UNRESOLVED","","","","",""
"https://www.mcpserver.in/glossary/mcp-analytics-platform-11","/glossary/mcp-analytics-platform-11","/glossary","/glossary/[slug]","glossary","legacy-glossary","P1","2026-08-03","True","True","False",1,0,0,0,0,"","","","","","","UNRESOLVED","","","","",""
"https://www.mcpserver.in/glossary/mcp-api-client-78","/glossary/mcp-api-client-78","/glossary","/glossary/[slug]","glossary","legacy-glossary","P1","2026-08-03","True","True","False",1,0,0,0,0,"","","","","","","UNRESOLVED","","","","",""
"https://www.mcpserver.in/glossary/mcp-api-gateway-14","/glossary/mcp-api-gateway-14","/glossary","/glossary/[slug]","glossary","legacy-glossary","P1","2026-08-03","True","True","False",1,0,0,0,0,"","","","","","","UNRESOLVED","","","","",""
"https://www.mcpserver.in/glossary/mcp-api-gateway-140","/glossary/mcp-api-gateway-140","/glossary","/glossary/[slug]","glossary","legacy-glossary","P1","2026-08-03","False","True","True",1,0,0,0,0,"","","","","","","UNRESOLVED","","","","",""
"https://www.mcpserver.in/glossary/mcp-async-validator-124","/glossary/mcp-async-validator-124","/glossary","/glossary/[slug]","glossary","legacy-glossary","P1","2026-08-03","False","True","True",1,0,0,0,0,"","","","","","","UNRESOLVED","","","","",""
"https://www.mcpserver.in/glossary/mcp-audit-logger-103","/glossary/mcp-audit-logger-103","/glossary","/glossary/[slug]","glossary","legacy-glossary","P1","2026-08-03","True","True","False",1,0,0,0,0,"","","","","","","UNRESOLVED","","","","",""
"https://www.mcpserver.in/glossary/mcp-auth-provider-18","/glossary/mcp-auth-provider-18","/glossary","/glossary/[slug]","glossary","legacy-glossary","P1","2026-08-03","True","True","False",1,0,0,0,0,"","","","","","","UNRESOLVED","","","","",""
"https://www.mcpserver.in/glossary/mcp-auto-scaling-0","/glossary/mcp-auto-scaling-0","/glossary","/glossary/[slug]","glossary","legacy-glossary","P1","2026-07-21","True","True","False",1,0,0,0,0,"","","","","","","UNRESOLVED","","","","",""
"https://www.mcpserver.in/glossary/mcp-autogen","/glossary/mcp-autogen","/glossary","/glossary/[slug]","glossary","legacy-glossary","P1","2026-08-03","True","True","False",1,0,0,0,0,"","","","","","","UNRESOLVED","","","","",""
"https://www.mcpserver.in/glossary/mcp-autogpt","/glossary/mcp-autogpt","/glossary","/glossary/[slug]","glossary","legacy-glossary","P1","2026-08-03","True","True","False",1,0,0,0,0,"","","","","","","UNRESOLVED","","","","",""
"https://www.mcpserver.in/glossary/mcp-babyagi","/glossary/mcp-babyagi","/glossary","/glossary/[slug]","glossary","legacy-glossary","P1","2026-08-03","True","True","False",1,0,0,0,0,"","","","","","","UNRESOLVED","","","","",""
"https://www.mcpserver.in/glossary/mcp-batch-processing-34","/glossary/mcp-batch-processing-34","/glossary","/glossary/[slug]","glossary","legacy-glossary","P1","2026-08-03","True","True","False",1,0,0,0,0,"","","","","","","UNRESOLVED","","","","",""
"https://www.mcpserver.in/glossary/mcp-bengali-support","/glossary/mcp-bengali-support","/glossary","/glossary/[slug]","glossary","legacy-glossary","P1","2026-08-13","True","True","False",1,0,0,0,0,"","","","","","","UNRESOLVED","","","","",""
"https://www.mcpserver.in/glossary/mcp-bigcommerce","/glossary/mcp-bigcommerce","/glossary","/glossary/[slug]","glossary","legacy-glossary","P1","2026-07-21","True","True","True",2,0,0,0,0,"","","","","","","UNRESOLVED","","","","",""
"https://www.mcpserver.in/glossary/mcp-block-storage-22","/glossary/mcp-block-storage-22","/glossary","/glossary/[slug]","glossary","legacy-glossary","P1","2026-08-03","True","True","False",1,0,0,0,0,"","","","","","","UNRESOLVED","","","","",""
"https://www.mcpserver.in/glossary/mcp-cache-layer-135","/glossary/mcp-cache-layer-135","/glossary","/glossary/[slug]","glossary","legacy-glossary","P1","2026-08-03","False","True","True",1,0,1,0,11,"","","","","","","UNRESOLVED","","","","",""
"https://www.mcpserver.in/glossary/mcp-cache-layer-9","/glossary/mcp-cache-layer-9","/glossary","/glossary/[slug]","glossary","legacy-glossary","P1","2026-08-03","True","True","False",1,0,0,0,0,"","","","","","","UNRESOLVED","","","","",""
"https://www.mcpserver.in/glossary/mcp-callback-handler-74","/glossary/mcp-callback-handler-74","/glossary","/glossary/[slug]","glossary","legacy-glossary","P1","2026-08-03","True","True","False",1,0,0,0,0,"","","","","","","UNRESOLVED","","","","",""
"https://www.mcpserver.in/glossary/mcp-canary-deploy-40","/glossary/mcp-canary-deploy-40","/glossary","/glossary/[slug]","glossary","legacy-glossary","P1","2026-08-03","True","True","False",1,0,0,0,0,"","","","","","","UNRESOLVED","","","","",""
"https://www.mcpserver.in/glossary/mcp-cancel","/glossary/mcp-cancel","/glossary","/glossary/[slug]","glossary","legacy-glossary","P1","2026-08-03","True","True","False",1,0,0,0,0,"","","","","","","UNRESOLVED","","","","",""
"https://www.mcpserver.in/glossary/mcp-capability-negotiation","/glossary/mcp-capability-negotiation","/glossary","/glossary/[slug]","glossary","legacy-glossary","P1","2026-08-03","True","True","False",1,0,0,0,0,"","","","","","","UNRESOLVED","","","","",""
"https://www.mcpserver.in/glossary/mcp-cdn-service-4","/glossary/mcp-cdn-service-4","/glossary","/glossary/[slug]","glossary","legacy-glossary","P1","2026-08-04","True","True","False",1,0,1,0,3,"","","","","","","UNRESOLVED","","","","",""
"https://www.mcpserver.in/glossary/mcp-certificate-manager-48","/glossary/mcp-certificate-manager-48","/glossary","/glossary/[slug]","glossary","legacy-glossary","P1","2026-08-03","True","True","False",1,0,0,0,0,"","","","","","","UNRESOLVED","","","","",""
"https://www.mcpserver.in/glossary/mcp-client","/glossary/mcp-client","/glossary","/glossary/[slug]","glossary","legacy-glossary","P1","2026-08-03","True","True","False",1,0,0,0,0,"","","","","","","UNRESOLVED","","","","",""
"https://www.mcpserver.in/glossary/mcp-client-capabilities","/glossary/mcp-client-capabilities","/glossary","/glossary/[slug]","glossary","legacy-glossary","P1","2026-08-03","True","True","False",1,0,0,0,0,"","","","","","","UNRESOLVED","","","","",""
"https://www.mcpserver.in/glossary/mcp-compliance-checker-104","/glossary/mcp-compliance-checker-104","/glossary","/glossary/[slug]","glossary","legacy-glossary","P1","2026-08-03","True","True","False",1,0,0,0,0,"","","","","","","UNRESOLVED","","","","",""
"https://www.mcpserver.in/glossary/mcp-config-map-46","/glossary/mcp-config-map-46","/glossary","/glossary/[slug]","glossary","legacy-glossary","P1","2026-08-03","True","True","False",1,0,0,0,0,"","","","","","","UNRESOLVED","","","","",""
"https://www.mcpserver.in/glossary/mcp-container-registry-1","/glossary/mcp-container-registry-1","/glossary","/glossary/[slug]","glossary","legacy-glossary","P1","2026-08-03","True","True","False",1,0,0,0,0,"","","","","","","UNRESOLVED","","","","",""
"https://www.mcpserver.in/glossary/mcp-container-registry-127","/glossary/mcp-container-registry-127","/glossary","/glossary/[slug]","glossary","legacy-glossary","P1","2026-07-21","False","True","True",1,0,0,0,0,"","","","","","","UNRESOLVED","","","","",""
"https://www.mcpserver.in/glossary/mcp-cursor-editor","/glossary/mcp-cursor-editor","/glossary","/glossary/[slug]","glossary","legacy-glossary","P1","2026-08-03","True","True","False",1,0,0,0,0,"","","","","","","UNRESOLVED","","","","",""
"https://www.mcpserver.in/glossary/mcp-data-localization","/glossary/mcp-data-localization","/glossary","/glossary/[slug]","glossary","legacy-glossary","P1","2026-08-03","True","True","False",1,0,0,0,0,"","","","","","","UNRESOLVED","","","","",""
"https://www.mcpserver.in/glossary/mcp-data-migrator-60","/glossary/mcp-data-migrator-60","/glossary","/glossary/[slug]","glossary","legacy-glossary","P1","2026-08-03","True","True","False",1,0,0,0,0,"","","","","","","UNRESOLVED","","","","",""
"https://www.mcpserver.in/glossary/mcp-data-pipeline-31","/glossary/mcp-data-pipeline-31","/glossary","/glossary/[slug]","glossary","legacy-glossary","P1","2026-08-03","True","True","False",1,0,0,0,0,"","","","","","","UNRESOLVED","","","","",""
"https://www.mcpserver.in/glossary/mcp-data-validator-117","/glossary/mcp-data-validator-117","/glossary","/glossary/[slug]","glossary","legacy-glossary","P1","2026-08-03","True","True","False",1,0,0,0,0,"","","","","","","UNRESOLVED","","","","",""
"https://www.mcpserver.in/glossary/mcp-database-service-23","/glossary/mcp-database-service-23","/glossary","/glossary/[slug]","glossary","legacy-glossary","P1","2026-08-03","True","True","False",1,0,0,0,0,"","","","","","","UNRESOLVED","","","","",""
"https://www.mcpserver.in/glossary/mcp-datadog","/glossary/mcp-datadog","/glossary","/glossary/[slug]","glossary","legacy-glossary","P1","2026-08-03","True","True","False",1,0,0,0,0,"","","","","","","UNRESOLVED","","","","",""
"https://www.mcpserver.in/glossary/mcp-decision-engine-111","/glossary/mcp-decision-engine-111","/glossary","/glossary/[slug]","glossary","legacy-glossary","P1","2026-07-21","False","True","True",1,0,0,0,0,"","","","","","","UNRESOLVED","","","","",""
"https://www.mcpserver.in/glossary/mcp-dependency-check-107","/glossary/mcp-dependency-check-107","/glossary","/glossary/[slug]","glossary","legacy-glossary","P1","2026-08-03","True","True","False",1,0,0,0,0,"","","","","","","UNRESOLVED","","","","",""
"https://www.mcpserver.in/glossary/mcp-disaster-recovery-57","/glossary/mcp-disaster-recovery-57","/glossary","/glossary/[slug]","glossary","legacy-glossary","P1","2026-08-03","True","True","False",1,0,6,0,7.330000000000001,"","","","","","","UNRESOLVED","","","","",""
"https://www.mcpserver.in/glossary/mcp-discovery","/glossary/mcp-discovery","/glossary","/glossary/[slug]","glossary","legacy-glossary","P1","2026-08-03","True","True","False",1,0,0,0,0,"","","","","","","UNRESOLVED","","","","",""
"https://www.mcpserver.in/glossary/mcp-dns-provider-3","/glossary/mcp-dns-provider-3","/glossary","/glossary/[slug]","glossary","legacy-glossary","P1","2026-08-03","True","True","False",1,0,0,0,0,"","","","","","","UNRESOLVED","","","","",""
"https://www.mcpserver.in/glossary/mcp-dynamodb","/glossary/mcp-dynamodb","/glossary","/glossary/[slug]","glossary","legacy-glossary","P1","2026-08-03","True","True","False",1,0,0,0,0,"","","","","","","UNRESOLVED","","","","",""
"https://www.mcpserver.in/glossary/mcp-elicitation","/glossary/mcp-elicitation","/glossary","/glossary/[slug]","glossary","legacy-glossary","P1","2026-08-03","True","True","False",1,0,0,0,0,"","","","","","","UNRESOLVED","","","","",""
"https://www.mcpserver.in/glossary/mcp-email-service-70","/glossary/mcp-email-service-70","/glossary","/glossary/[slug]","glossary","legacy-glossary","P1","2026-08-03","True","True","False",1,0,0,0,0,"","","","","","","UNRESOLVED","","","","",""
"https://www.mcpserver.in/glossary/mcp-event-bus-6","/glossary/mcp-event-bus-6","/glossary","/glossary/[slug]","glossary","legacy-glossary","P1","2026-08-03","True","True","False",1,0,0,0,0,"","","","","","","UNRESOLVED","","","","",""
"https://www.mcpserver.in/glossary/mcp-event-processor-63","/glossary/mcp-event-processor-63","/glossary","/glossary/[slug]","glossary","legacy-glossary","P1","2026-08-03","True","True","False",1,0,0,0,0,"","","","","","","UNRESOLVED","","","","",""
"https://www.mcpserver.in/glossary/mcp-excel","/glossary/mcp-excel","/glossary","/glossary/[slug]","glossary","legacy-glossary","P1","2026-08-04","True","True","False",1,0,0,0,0,"","","","","","","UNRESOLVED","","","","",""
"https://www.mcpserver.in/glossary/mcp-experiment-tracker-37","/glossary/mcp-experiment-tracker-37","/glossary","/glossary/[slug]","glossary","legacy-glossary","P1","2026-08-03","True","True","False",1,0,0,0,0,"","","","","","","UNRESOLVED","","","","",""
"https://www.mcpserver.in/glossary/mcp-file-storage-20","/glossary/mcp-file-storage-20","/glossary","/glossary/[slug]","glossary","legacy-glossary","P1","2026-08-03","True","True","False",1,0,0,0,0,"","","","","","","UNRESOLVED","","","","",""
"https://www.mcpserver.in/glossary/mcp-file-watcher-75","/glossary/mcp-file-watcher-75","/glossary","/glossary/[slug]","glossary","legacy-glossary","P1","2026-07-21","True","True","False",1,0,0,0,0,"","","","","","","UNRESOLVED","","","","",""
"https://www.mcpserver.in/glossary/mcp-freshdesk","/glossary/mcp-freshdesk","/glossary","/glossary/[slug]","glossary","legacy-glossary","P1","2026-08-04","True","True","False",1,0,0,0,0,"","","","","","","UNRESOLVED","","","","",""
"https://www.mcpserver.in/glossary/mcp-function-orchestrator-53","/glossary/mcp-function-orchestrator-53","/glossary","/glossary/[slug]","glossary","legacy-glossary","P1","2026-08-03","True","True","False",1,0,0,0,0,"","","","","","","UNRESOLVED","","","","",""
"https://www.mcpserver.in/glossary/mcp-gdpr","/glossary/mcp-gdpr","/glossary","/glossary/[slug]","glossary","legacy-glossary","P1","2026-07-21","True","True","False",1,0,0,0,0,"","","","","","","UNRESOLVED","","","","",""
"https://www.mcpserver.in/glossary/mcp-gitlab","/glossary/mcp-gitlab","/glossary","/glossary/[slug]","glossary","legacy-glossary","P1","2026-08-03","True","True","False",1,0,0,0,0,"","","","","","","UNRESOLVED","","","","",""
"https://www.mcpserver.in/glossary/mcp-graceful-shutdown","/glossary/mcp-graceful-shutdown","/glossary","/glossary/[slug]","glossary","legacy-glossary","P1","2026-08-03","True","True","False",1,0,0,0,0,"","","","","","","UNRESOLVED","","","","",""
"https://www.mcpserver.in/glossary/mcp-grafana-dashboards","/glossary/mcp-grafana-dashboards","/glossary","/glossary/[slug]","glossary","legacy-glossary","P1","2026-08-03","True","True","False",1,0,0,0,0,"","","","","","","UNRESOLVED","","","","",""
"https://www.mcpserver.in/glossary/mcp-graph-database-27","/glossary/mcp-graph-database-27","/glossary","/glossary/[slug]","glossary","legacy-glossary","P1","2026-08-03","True","True","False",1,0,0,0,0,"","","","","","","UNRESOLVED","","","","",""
"https://www.mcpserver.in/glossary/mcp-graphql-gateway-79","/glossary/mcp-graphql-gateway-79","/glossary","/glossary/[slug]","glossary","legacy-glossary","P1","2026-08-03","True","True","False",1,0,0,0,0,"","","","","","","UNRESOLVED","","","","",""
"https://www.mcpserver.in/glossary/mcp-health-check-43","/glossary/mcp-health-check-43","/glossary","/glossary/[slug]","glossary","legacy-glossary","P1","2026-08-03","True","True","False",1,0,0,0,0,"","","","","","","UNRESOLVED","","","","",""
"https://www.mcpserver.in/glossary/mcp-hindi-support","/glossary/mcp-hindi-support","/glossary","/glossary/[slug]","glossary","legacy-glossary","P1","2026-08-12","True","True","False",1,0,0,0,0,"","","","","","","UNRESOLVED","","","","",""
"https://www.mcpserver.in/glossary/mcp-http-cache-50","/glossary/mcp-http-cache-50","/glossary","/glossary/[slug]","glossary","legacy-glossary","P1","2026-08-03","True","True","False",1,0,0,0,0,"","","","","","","UNRESOLVED","","","","",""
"https://www.mcpserver.in/glossary/mcp-hyperparameter-tune-38","/glossary/mcp-hyperparameter-tune-38","/glossary","/glossary/[slug]","glossary","legacy-glossary","P1","2026-08-03","True","True","False",1,0,0,0,0,"","","","","","","UNRESOLVED","","","","",""
"https://www.mcpserver.in/glossary/mcp-identity-service-145","/glossary/mcp-identity-service-145","/glossary","/glossary/[slug]","glossary","legacy-glossary","P1","2026-08-03","False","True","True",1,0,0,0,0,"","","","","","","UNRESOLVED","","","","",""
"https://www.mcpserver.in/glossary/mcp-identity-service-19","/glossary/mcp-identity-service-19","/glossary","/glossary/[slug]","glossary","legacy-glossary","P1","2026-08-04","True","True","False",1,0,0,0,0,"","","","","","","UNRESOLVED","","","","",""
"https://www.mcpserver.in/glossary/mcp-india-banking","/glossary/mcp-india-banking","/glossary","/glossary/[slug]","glossary","legacy-glossary","P1","2026-07-21","True","True","False",1,0,1,0,6,"","","","","","","UNRESOLVED","","","","",""
"https://www.mcpserver.in/glossary/mcp-india-ecommerce","/glossary/mcp-india-ecommerce","/glossary","/glossary/[slug]","glossary","legacy-glossary","P1","2026-08-05","True","True","False",1,0,0,0,0,"","","","","","","UNRESOLVED","","","","",""
"https://www.mcpserver.in/glossary/mcp-india-education","/glossary/mcp-india-education","/glossary","/glossary/[slug]","glossary","legacy-glossary","P1","2026-08-11","True","True","False",1,0,2,0,43.5,"","","","","","","UNRESOLVED","","","","",""
"https://www.mcpserver.in/glossary/mcp-india-healthcare","/glossary/mcp-india-healthcare","/glossary","/glossary/[slug]","glossary","legacy-glossary","P1","2026-08-12","True","True","False",1,0,0,0,0,"","","","","","","UNRESOLVED","","","","",""
"https://www.mcpserver.in/glossary/mcp-india-latency","/glossary/mcp-india-latency","/glossary","/glossary/[slug]","glossary","legacy-glossary","P1","2026-08-03","True","True","False",1,0,0,0,0,"","","","","","","UNRESOLVED","","","","",""
"https://www.mcpserver.in/glossary/mcp-indian-languages","/glossary/mcp-indian-languages","/glossary","/glossary/[slug]","glossary","legacy-glossary","P1","2026-08-03","True","True","False",1,0,0,0,0,"","","","","","","UNRESOLVED","","","","",""
"https://www.mcpserver.in/glossary/mcp-initialization","/glossary/mcp-initialization","/glossary","/glossary/[slug]","glossary","legacy-glossary","P1","2026-08-03","True","True","False",1,0,0,0,0,"","","","","","","UNRESOLVED","","","","",""
"https://www.mcpserver.in/glossary/mcp-inspector","/glossary/mcp-inspector","/glossary","/glossary/[slug]","glossary","legacy-glossary","P1","2026-08-03","True","True","False",1,0,0,0,0,"","","","","","","UNRESOLVED","","","","",""
"https://www.mcpserver.in/glossary/mcp-intercom","/glossary/mcp-intercom","/glossary","/glossary/[slug]","glossary","legacy-glossary","P1","2026-08-11","True","True","False",1,0,0,0,0,"","","","","","","UNRESOLVED","","","","",""
"https://www.mcpserver.in/glossary/mcp-iso-27001","/glossary/mcp-iso-27001","/glossary","/glossary/[slug]","glossary","legacy-glossary","P1","2026-07-21","True","True","False",1,0,0,0,0,"","","","","","","UNRESOLVED","","","","",""
"https://www.mcpserver.in/glossary/mcp-json-schema","/glossary/mcp-json-schema","/glossary","/glossary/[slug]","glossary","legacy-glossary","P1","2026-08-03","True","True","False",1,0,0,0,0,"","","","","","","UNRESOLVED","","","","",""
"https://www.mcpserver.in/glossary/mcp-key-rotation","/glossary/mcp-key-rotation","/glossary","/glossary/[slug]","glossary","legacy-glossary","P1","2026-08-03","True","True","False",1,0,0,0,0,"","","","","","","UNRESOLVED","","","","",""
"https://www.mcpserver.in/glossary/mcp-key-value-store-26","/glossary/mcp-key-value-store-26","/glossary","/glossary/[slug]","glossary","legacy-glossary","P1","2026-08-03","True","True","False",1,0,0,0,0,"","","","","","","UNRESOLVED","","","","",""
"https://www.mcpserver.in/glossary/mcp-license-checker-108","/glossary/mcp-license-checker-108","/glossary","/glossary/[slug]","glossary","legacy-glossary","P1","2026-08-03","True","True","False",1,0,0,0,0,"","","","","","","UNRESOLVED","","","","",""
"https://www.mcpserver.in/glossary/mcp-liveness-probe-45","/glossary/mcp-liveness-probe-45","/glossary","/glossary/[slug]","glossary","legacy-glossary","P1","2026-08-03","True","True","False",1,0,0,0,0,"","","","","","","UNRESOLVED","","","","",""
"https://www.mcpserver.in/glossary/mcp-load-balancer-15","/glossary/mcp-load-balancer-15","/glossary","/glossary/[slug]","glossary","legacy-glossary","P1","2026-08-03","True","True","False",1,0,0,0,0,"","","","","","","UNRESOLVED","","","","",""
"https://www.mcpserver.in/glossary/mcp-log-aggregator-65","/glossary/mcp-log-aggregator-65","/glossary","/glossary/[slug]","glossary","legacy-glossary","P1","2026-08-03","True","True","False",1,0,0,0,0,"","","","","","","UNRESOLVED","","","","",""
"https://www.mcpserver.in/glossary/mcp-log-rotation-99","/glossary/mcp-log-rotation-99","/glossary","/glossary/[slug]","glossary","legacy-glossary","P1","2026-08-03","True","True","False",1,0,0,0,0,"","","","","","","UNRESOLVED","","","","",""
"https://www.mcpserver.in/glossary/mcp-logging-service-13","/glossary/mcp-logging-service-13","/glossary","/glossary/[slug]","glossary","legacy-glossary","P1","2026-08-03","True","True","False",1,0,1,0,12,"","","","","","","UNRESOLVED","","","","",""
"https://www.mcpserver.in/glossary/mcp-message-broker-5","/glossary/mcp-message-broker-5","/glossary","/glossary/[slug]","glossary","legacy-glossary","P1","2026-08-03","True","True","False",1,0,0,0,0,"","","","","","","UNRESOLVED","","","","",""
"https://www.mcpserver.in/glossary/mcp-message-router-62","/glossary/mcp-message-router-62","/glossary","/glossary/[slug]","glossary","legacy-glossary","P1","2026-08-03","True","True","False",1,0,0,0,0,"","","","","","","UNRESOLVED","","","","",""
"https://www.mcpserver.in/glossary/mcp-metric-collector-66","/glossary/mcp-metric-collector-66","/glossary","/glossary/[slug]","glossary","legacy-glossary","P1","2026-08-03","True","True","False",1,0,0,0,0,"","","","","","","UNRESOLVED","","","","",""
"https://www.mcpserver.in/glossary/mcp-metric-export-101","/glossary/mcp-metric-export-101","/glossary","/glossary/[slug]","glossary","legacy-glossary","P1","2026-08-03","True","True","False",1,0,0,0,0,"","","","","","","UNRESOLVED","","","","",""
"https://www.mcpserver.in/glossary/mcp-milvus","/glossary/mcp-milvus","/glossary","/glossary/[slug]","glossary","legacy-glossary","P1","2026-08-03","True","True","False",1,0,0,0,0,"","","","","","","UNRESOLVED","","","","",""
"https://www.mcpserver.in/glossary/mcp-ml-model-serving-156","/glossary/mcp-ml-model-serving-156","/glossary","/glossary/[slug]","glossary","legacy-glossary","P1","2026-07-21","False","True","True",1,0,0,0,0,"","","","","","","UNRESOLVED","","","","",""
"https://www.mcpserver.in/glossary/mcp-ml-model-serving-30","/glossary/mcp-ml-model-serving-30","/glossary","/glossary/[slug]","glossary","legacy-glossary","P1","2026-08-03","True","True","False",1,0,0,0,0,"","","","","","","UNRESOLVED","","","","",""
"https://www.mcpserver.in/glossary/mcp-model-registry-162","/glossary/mcp-model-registry-162","/glossary","/glossary/[slug]","glossary","legacy-glossary","P1","2026-08-03","False","True","True",1,0,5,0,67.8,"","","","","","","UNRESOLVED","","","","",""
"https://www.mcpserver.in/glossary/mcp-monitoring-tool-12","/glossary/mcp-monitoring-tool-12","/glossary","/glossary/[slug]","glossary","legacy-glossary","P1","2026-08-03","True","True","False",1,0,0,0,0,"","","","","","","UNRESOLVED","","","","",""
"https://www.mcpserver.in/glossary/mcp-newrelic","/glossary/mcp-newrelic","/glossary","/glossary/[slug]","glossary","legacy-glossary","P1","2026-08-03","True","True","False",1,0,0,0,0,"","","","","","","UNRESOLVED","","","","",""
"https://www.mcpserver.in/glossary/mcp-nosql-db-24","/glossary/mcp-nosql-db-24","/glossary","/glossary/[slug]","glossary","legacy-glossary","P1","2026-08-03","True","True","False",1,0,0,0,0,"","","","","","","UNRESOLVED","","","","",""
"https://www.mcpserver.in/glossary/mcp-notification-service-69","/glossary/mcp-notification-service-69","/glossary","/glossary/[slug]","glossary","legacy-glossary","P1","2026-08-03","True","True","False",1,0,0,0,0,"","","","","","","UNRESOLVED","","","","",""
"https://www.mcpserver.in/glossary/mcp-object-store-21","/glossary/mcp-object-store-21","/glossary","/glossary/[slug]","glossary","legacy-glossary","P1","2026-08-03","True","True","False",1,0,0,0,0,"","","","","","","UNRESOLVED","","","","",""
"https://www.mcpserver.in/glossary/mcp-on-premise","/glossary/mcp-on-premise","/glossary","/glossary/[slug]","glossary","legacy-glossary","P1","2026-08-03","True","True","False",1,0,0,0,0,"","","","","","","UNRESOLVED","","","","",""
"https://www.mcpserver.in/glossary/mcp-p95-latency","/glossary/mcp-p95-latency","/glossary","/glossary/[slug]","glossary","legacy-glossary","P1","2026-08-07","True","True","False",1,0,0,0,0,"","","","","","","UNRESOLVED","","","","",""
"https://www.mcpserver.in/glossary/mcp-params","/glossary/mcp-params","/glossary","/glossary/[slug]","glossary","legacy-glossary","P1","2026-08-03","True","True","False",1,0,0,0,0,"","","","","","","UNRESOLVED","","","","",""
"https://www.mcpserver.in/glossary/mcp-pinecone","/glossary/mcp-pinecone","/glossary","/glossary/[slug]","glossary","legacy-glossary","P1","2026-08-03","True","True","False",1,0,0,0,0,"","","","","","","UNRESOLVED","","","","",""
"https://www.mcpserver.in/glossary/mcp-pm2-process-manager","/glossary/mcp-pm2-process-manager","/glossary","/glossary/[slug]","glossary","legacy-glossary","P1","2026-08-13","True","True","False",1,0,0,0,0,"","","","","","","UNRESOLVED","","","","",""
"https://www.mcpserver.in/glossary/mcp-policy-engine-109","/glossary/mcp-policy-engine-109","/glossary","/glossary/[slug]","glossary","legacy-glossary","P1","2026-08-03","True","True","False",1,0,0,0,0,"","","","","","","UNRESOLVED","","","","",""
"https://www.mcpserver.in/glossary/mcp-polling-service-88","/glossary/mcp-polling-service-88","/glossary","/glossary/[slug]","glossary","legacy-glossary","P1","2026-08-03","True","True","False",1,0,0,0,0,"","","","","","","UNRESOLVED","","","","",""
"https://www.mcpserver.in/glossary/mcp-private-cloud","/glossary/mcp-private-cloud","/glossary","/glossary/[slug]","glossary","legacy-glossary","P1","2026-08-03","True","True","False",1,0,0,0,0,"","","","","","","UNRESOLVED","","","","",""
"https://www.mcpserver.in/glossary/mcp-process-monitor-97","/glossary/mcp-process-monitor-97","/glossary","/glossary/[slug]","glossary","legacy-glossary","P1","2026-08-03","True","True","False",1,0,0,0,0,"","","","","","","UNRESOLVED","","","","",""
"https://www.mcpserver.in/glossary/mcp-process-restart-98","/glossary/mcp-process-restart-98","/glossary","/glossary/[slug]","glossary","legacy-glossary","P1","2026-08-03","True","True","False",1,0,0,0,0,"","","","","","","UNRESOLVED","","","","",""
"https://www.mcpserver.in/glossary/mcp-progress","/glossary/mcp-progress","/glossary","/glossary/[slug]","glossary","legacy-glossary","P1","2026-08-03","True","True","False",1,0,0,0,0,"","","","","","","UNRESOLVED","","","","",""
"https://www.mcpserver.in/glossary/mcp-prometheus","/glossary/mcp-prometheus","/glossary","/glossary/[slug]","glossary","legacy-glossary","P1","2026-08-03","True","True","False",1,0,0,0,0,"","","","","","","UNRESOLVED","","","","",""
"https://www.mcpserver.in/glossary/mcp-prompt-argument","/glossary/mcp-prompt-argument","/glossary","/glossary/[slug]","glossary","legacy-glossary","P1","2026-08-03","True","True","False",1,0,0,0,0,"","","","","","","UNRESOLVED","","","","",""
"https://www.mcpserver.in/glossary/mcp-prompt-list-changed","/glossary/mcp-prompt-list-changed","/glossary","/glossary/[slug]","glossary","legacy-glossary","P1","2026-08-03","True","True","False",1,0,0,0,0,"","","","","","","UNRESOLVED","","","","",""
"https://www.mcpserver.in/glossary/mcp-pubsub-system-90","/glossary/mcp-pubsub-system-90","/glossary","/glossary/[slug]","glossary","legacy-glossary","P1","2026-08-03","True","True","False",1,0,0,0,0,"","","","","","","UNRESOLVED","","","","",""
"https://www.mcpserver.in/glossary/mcp-push-notification-72","/glossary/mcp-push-notification-72","/glossary","/glossary/[slug]","glossary","legacy-glossary","P1","2026-08-03","True","True","False",1,0,0,0,0,"","","","","","","UNRESOLVED","","","","",""
"https://www.mcpserver.in/glossary/mcp-qdrant","/glossary/mcp-qdrant","/glossary","/glossary/[slug]","glossary","legacy-glossary","P1","2026-08-05","True","True","False",1,0,0,0,0,"","","","","","","UNRESOLVED","","","","",""
"https://www.mcpserver.in/glossary/mcp-range-validator-121","/glossary/mcp-range-validator-121","/glossary","/glossary/[slug]","glossary","legacy-glossary","P1","2026-07-21","False","True","True",1,0,0,0,0,"","","","","","","UNRESOLVED","","","","",""
"https://www.mcpserver.in/glossary/mcp-rbi-guidelines","/glossary/mcp-rbi-guidelines","/glossary","/glossary/[slug]","glossary","legacy-glossary","P1","2026-08-08","True","True","False",1,0,0,0,0,"","","","","","","UNRESOLVED","","","","",""
"https://www.mcpserver.in/glossary/mcp-readiness-probe-44","/glossary/mcp-readiness-probe-44","/glossary","/glossary/[slug]","glossary","legacy-glossary","P1","2026-08-03","True","True","False",1,0,0,0,0,"","","","","","","UNRESOLVED","","","","",""
"https://www.mcpserver.in/glossary/mcp-reddit-api","/glossary/mcp-reddit-api","/glossary","/glossary/[slug]","glossary","legacy-glossary","P1","2026-08-03","True","True","False",1,0,0,0,0,"","","","","","","UNRESOLVED","","","","",""
"https://www.mcpserver.in/glossary/mcp-reddit-pipeline","/glossary/mcp-reddit-pipeline","/glossary","/glossary/[slug]","glossary","legacy-glossary","P1","2026-08-03","True","True","False",1,0,0,0,0,"","","","","","","UNRESOLVED","","","","",""
"https://www.mcpserver.in/glossary/mcp-reddit-sentiment","/glossary/mcp-reddit-sentiment","/glossary","/glossary/[slug]","glossary","legacy-glossary","P1","2026-08-03","True","True","False",1,0,0,0,0,"","","","","","","UNRESOLVED","","","","",""
"https://www.mcpserver.in/glossary/mcp-reddit-trends","/glossary/mcp-reddit-trends","/glossary","/glossary/[slug]","glossary","legacy-glossary","P1","2026-08-03","True","True","False",1,0,0,0,0,"","","","","","","UNRESOLVED","","","","",""
"https://www.mcpserver.in/glossary/mcp-replication-service-58","/glossary/mcp-replication-service-58","/glossary","/glossary/[slug]","glossary","legacy-glossary","P1","2026-08-02","True","True","True",2,0,0,0,0,"","","","","","","UNRESOLVED","","","","",""
"https://www.mcpserver.in/glossary/mcp-request-id","/glossary/mcp-request-id","/glossary","/glossary/[slug]","glossary","legacy-glossary","P1","2026-08-03","True","True","False",1,0,1,0,10,"","","","","","","UNRESOLVED","","","","",""
"https://www.mcpserver.in/glossary/mcp-resource-contents","/glossary/mcp-resource-contents","/glossary","/glossary/[slug]","glossary","legacy-glossary","P1","2026-08-12","True","True","False",1,0,0,0,0,"","","","","","","UNRESOLVED","","","","",""
"https://www.mcpserver.in/glossary/mcp-resource-list-changed","/glossary/mcp-resource-list-changed","/glossary","/glossary/[slug]","glossary","legacy-glossary","P1","2026-08-11","True","True","False",1,0,0,0,0,"","","","","","","UNRESOLVED","","","","",""
"https://www.mcpserver.in/glossary/mcp-resource-template","/glossary/mcp-resource-template","/glossary","/glossary/[slug]","glossary","legacy-glossary","P1","2026-08-03","True","True","False",1,0,0,0,0,"","","","","","","UNRESOLVED","","","","",""
"https://www.mcpserver.in/glossary/mcp-resource-updated","/glossary/mcp-resource-updated","/glossary","/glossary/[slug]","glossary","legacy-glossary","P1","2026-08-05","True","True","True",2,0,0,0,0,"","","","","","","UNRESOLVED","","","","",""
"https://www.mcpserver.in/glossary/mcp-result","/glossary/mcp-result","/glossary","/glossary/[slug]","glossary","legacy-glossary","P1","2026-07-21","True","True","False",1,0,0,0,0,"","","","","","","UNRESOLVED","","","","",""
"https://www.mcpserver.in/glossary/mcp-retry-logic","/glossary/mcp-retry-logic","/glossary","/glossary/[slug]","glossary","legacy-glossary","P1","2026-08-03","True","True","False",1,0,0,0,0,"","","","","","","UNRESOLVED","","","","",""
"https://www.mcpserver.in/glossary/mcp-roots","/glossary/mcp-roots","/glossary","/glossary/[slug]","glossary","legacy-glossary","P1","2026-08-03","True","True","False",1,0,0,0,0,"","","","","","","UNRESOLVED","","","","",""
"https://www.mcpserver.in/glossary/mcp-rule-engine-110","/glossary/mcp-rule-engine-110","/glossary","/glossary/[slug]","glossary","legacy-glossary","P1","2026-08-03","True","True","False",1,0,0,0,0,"","","","","","","UNRESOLVED","","","","",""
"https://www.mcpserver.in/glossary/mcp-schema-registry-61","/glossary/mcp-schema-registry-61","/glossary","/glossary/[slug]","glossary","legacy-glossary","P1","2026-08-04","True","True","False",1,0,0,0,0,"","","","","","","UNRESOLVED","","","","",""
"https://www.mcpserver.in/glossary/mcp-schema-validator-118","/glossary/mcp-schema-validator-118","/glossary","/glossary/[slug]","glossary","legacy-glossary","P1","2026-08-03","True","True","False",1,0,0,0,0,"","","","","","","UNRESOLVED","","","","",""
"https://www.mcpserver.in/glossary/mcp-search-engine-10","/glossary/mcp-search-engine-10","/glossary","/glossary/[slug]","glossary","legacy-glossary","P1","2026-08-03","True","True","False",1,0,0,0,0,"","","","","","","UNRESOLVED","","","","",""
"https://www.mcpserver.in/glossary/mcp-search-engine-136","/glossary/mcp-search-engine-136","/glossary","/glossary/[slug]","glossary","legacy-glossary","P1","2026-07-21","False","True","True",1,0,0,0,0,"","","","","","","UNRESOLVED","","","","",""
"https://www.mcpserver.in/glossary/mcp-sebi-compliance","/glossary/mcp-sebi-compliance","/glossary","/glossary/[slug]","glossary","legacy-glossary","P1","2026-08-03","True","True","False",1,0,1,0,31,"","","","","","","UNRESOLVED","","","","",""
"https://www.mcpserver.in/glossary/mcp-secret-management-2","/glossary/mcp-secret-management-2","/glossary","/glossary/[slug]","glossary","legacy-glossary","P1","2026-07-21","True","True","False",1,0,0,0,0,"","","","","","","UNRESOLVED","","","","",""
"https://www.mcpserver.in/glossary/mcp-secrets-manager","/glossary/mcp-secrets-manager","/glossary","/glossary/[slug]","glossary","legacy-glossary","P1","2026-08-11","True","True","False",1,0,0,0,0,"","","","","","","UNRESOLVED","","","","",""
"https://www.mcpserver.in/glossary/mcp-security-scanner-105","/glossary/mcp-security-scanner-105","/glossary","/glossary/[slug]","glossary","legacy-glossary","P1","2026-08-03","True","True","False",1,0,0,0,0,"","","","","","","UNRESOLVED","","","","",""
"https://www.mcpserver.in/glossary/mcp-self-hosted","/glossary/mcp-self-hosted","/glossary","/glossary/[slug]","glossary","legacy-glossary","P1","2026-08-03","True","True","False",1,0,0,0,0,"","","","","","","UNRESOLVED","","","","",""
"https://www.mcpserver.in/glossary/mcp-server","/glossary/mcp-server","/glossary","/glossary/[slug]","glossary","legacy-glossary","P1","2026-08-03","True","True","False",1,0,0,0,0,"","","","","","","UNRESOLVED","","","","",""
"https://www.mcpserver.in/glossary/mcp-serverless-func-52","/glossary/mcp-serverless-func-52","/glossary","/glossary/[slug]","glossary","legacy-glossary","P1","2026-08-03","True","True","False",1,0,0,0,0,"","","","","","","UNRESOLVED","","","","",""
"https://www.mcpserver.in/glossary/mcp-sms-gateway-71","/glossary/mcp-sms-gateway-71","/glossary","/glossary/[slug]","glossary","legacy-glossary","P1","2026-08-03","True","True","False",1,0,0,0,0,"","","","","","","UNRESOLVED","","","","",""
"https://www.mcpserver.in/glossary/mcp-soc-2","/glossary/mcp-soc-2","/glossary","/glossary/[slug]","glossary","legacy-glossary","P1","2026-08-01","True","True","False",1,0,0,0,0,"","","","","","","UNRESOLVED","","","","",""
"https://www.mcpserver.in/glossary/mcp-socket-adapter-87","/glossary/mcp-socket-adapter-87","/glossary","/glossary/[slug]","glossary","legacy-glossary","P1","2026-08-03","True","True","False",1,0,0,0,0,"","","","","","","UNRESOLVED","","","","",""
"https://www.mcpserver.in/glossary/mcp-sse-gateway-85","/glossary/mcp-sse-gateway-85","/glossary","/glossary/[slug]","glossary","legacy-glossary","P1","2026-08-03","True","True","False",1,0,0,0,0,"","","","","","","UNRESOLVED","","","","",""
"https://www.mcpserver.in/glossary/mcp-ssl-terminator-49","/glossary/mcp-ssl-terminator-49","/glossary","/glossary/[slug]","glossary","legacy-glossary","P1","2026-08-03","True","True","False",1,0,0,0,0,"","","","","","","UNRESOLVED","","","","",""
"https://www.mcpserver.in/glossary/mcp-stream-aggregator-64","/glossary/mcp-stream-aggregator-64","/glossary","/glossary/[slug]","glossary","legacy-glossary","P1","2026-07-26","True","True","True",2,0,0,0,0,"","","","","","","UNRESOLVED","","","","",""
"https://www.mcpserver.in/glossary/mcp-stream-processing-159","/glossary/mcp-stream-processing-159","/glossary","/glossary/[slug]","glossary","legacy-glossary","P1","2026-07-21","False","True","True",1,0,0,0,0,"","","","","","","UNRESOLVED","","","","",""
"https://www.mcpserver.in/glossary/mcp-stream-processing-33","/glossary/mcp-stream-processing-33","/glossary","/glossary/[slug]","glossary","legacy-glossary","P1","2026-08-03","True","True","False",1,0,0,0,0,"","","","","","","UNRESOLVED","","","","",""
"https://www.mcpserver.in/glossary/mcp-subscription-manager-89","/glossary/mcp-subscription-manager-89","/glossary","/glossary/[slug]","glossary","legacy-glossary","P1","2026-07-21","True","True","False",1,0,0,0,0,"","","","","","","UNRESOLVED","","","","",""
"https://www.mcpserver.in/glossary/mcp-sync-engine-59","/glossary/mcp-sync-engine-59","/glossary","/glossary/[slug]","glossary","legacy-glossary","P1","2026-08-03","True","True","False",1,0,0,0,0,"","","","","","","UNRESOLVED","","","","",""
"https://www.mcpserver.in/glossary/mcp-systemd-service","/glossary/mcp-systemd-service","/glossary","/glossary/[slug]","glossary","legacy-glossary","P1","2026-08-03","True","True","False",1,0,0,0,0,"","","","","","","UNRESOLVED","","","","",""
"https://www.mcpserver.in/glossary/mcp-task-queue-7","/glossary/mcp-task-queue-7","/glossary","/glossary/[slug]","glossary","legacy-glossary","P1","2026-08-03","True","True","False",1,0,0,0,0,"","","","","","","UNRESOLVED","","","","",""
"https://www.mcpserver.in/glossary/mcp-task-runner-93","/glossary/mcp-task-runner-93","/glossary","/glossary/[slug]","glossary","legacy-glossary","P1","2026-08-03","True","True","False",1,0,1,0,4,"","","","","","","UNRESOLVED","","","","",""
"https://www.mcpserver.in/glossary/mcp-teams","/glossary/mcp-teams","/glossary","/glossary/[slug]","glossary","legacy-glossary","P1","2026-08-03","True","True","False",1,0,0,0,0,"","","","","","","UNRESOLVED","","","","",""
"https://www.mcpserver.in/glossary/mcp-telugu-support","/glossary/mcp-telugu-support","/glossary","/glossary/[slug]","glossary","legacy-glossary","P1","2026-08-12","True","True","False",1,0,0,0,0,"","","","","","","UNRESOLVED","","","","",""
"https://www.mcpserver.in/glossary/mcp-thread-pool-95","/glossary/mcp-thread-pool-95","/glossary","/glossary/[slug]","glossary","legacy-glossary","P1","2026-08-03","True","True","False",1,0,0,0,0,"","","","","","","UNRESOLVED","","","","",""
"https://www.mcpserver.in/glossary/mcp-timeout","/glossary/mcp-timeout","/glossary","/glossary/[slug]","glossary","legacy-glossary","P1","2026-08-03","True","True","False",1,0,2,0,6.5,"","","","","","","UNRESOLVED","","","","",""
"https://www.mcpserver.in/glossary/mcp-tool-error","/glossary/mcp-tool-error","/glossary","/glossary/[slug]","glossary","legacy-glossary","P1","2026-08-11","True","True","False",1,0,0,0,0,"","","","","","","UNRESOLVED","","","","",""
"https://www.mcpserver.in/glossary/mcp-tool-input-schema","/glossary/mcp-tool-input-schema","/glossary","/glossary/[slug]","glossary","legacy-glossary","P1","2026-08-03","True","True","False",1,0,0,0,0,"","","","","","","UNRESOLVED","","","","",""
"https://www.mcpserver.in/glossary/mcp-tool-list-changed","/glossary/mcp-tool-list-changed","/glossary","/glossary/[slug]","glossary","legacy-glossary","P1","2026-08-03","True","True","False",1,0,1,0,7,"","","","","","","UNRESOLVED","","","","",""
"https://www.mcpserver.in/glossary/mcp-tool-output-schema","/glossary/mcp-tool-output-schema","/glossary","/glossary/[slug]","glossary","legacy-glossary","P1","2026-07-21","True","True","False",1,0,0,0,0,"","","","","","","UNRESOLVED","","","","",""
"https://www.mcpserver.in/glossary/mcp-tool-result","/glossary/mcp-tool-result","/glossary","/glossary/[slug]","glossary","legacy-glossary","P1","2026-08-03","True","True","False",1,0,0,0,0,"","","","","","","UNRESOLVED","","","","",""
"https://www.mcpserver.in/glossary/mcp-trace-collector-67","/glossary/mcp-trace-collector-67","/glossary","/glossary/[slug]","glossary","legacy-glossary","P1","2026-08-03","True","True","False",1,0,0,0,0,"","","","","","","UNRESOLVED","","","","",""
"https://www.mcpserver.in/glossary/mcp-trace-export-102","/glossary/mcp-trace-export-102","/glossary","/glossary/[slug]","glossary","legacy-glossary","P1","2026-08-03","True","True","False",1,0,0,0,0,"","","","","","","UNRESOLVED","","","","",""
"https://www.mcpserver.in/glossary/mcp-traffic-manager-16","/glossary/mcp-traffic-manager-16","/glossary","/glossary/[slug]","glossary","legacy-glossary","P1","2026-08-03","True","True","False",1,0,0,0,0,"","","","","","","UNRESOLVED","","","","",""
"https://www.mcpserver.in/glossary/mcp-udp-proxy-83","/glossary/mcp-udp-proxy-83","/glossary","/glossary/[slug]","glossary","legacy-glossary","P1","2026-07-21","True","True","False",1,0,0,0,0,"","","","","","","UNRESOLVED","","","","",""
"https://www.mcpserver.in/glossary/mcp-uri-scheme","/glossary/mcp-uri-scheme","/glossary","/glossary/[slug]","glossary","legacy-glossary","P1","2026-08-03","True","True","False",1,0,0,0,0,"","","","","","","UNRESOLVED","","","","",""
"https://www.mcpserver.in/glossary/mcp-vector-store-29","/glossary/mcp-vector-store-29","/glossary","/glossary/[slug]","glossary","legacy-glossary","P1","2026-08-03","True","True","False",1,0,0,0,0,"","","","","","","UNRESOLVED","","","","",""
"https://www.mcpserver.in/glossary/mcp-vscode","/glossary/mcp-vscode","/glossary","/glossary/[slug]","glossary","legacy-glossary","P1","2026-08-03","True","True","False",1,0,1,0,11,"","","","","","","UNRESOLVED","","","","",""
"https://www.mcpserver.in/glossary/mcp-vulnerability-scan-106","/glossary/mcp-vulnerability-scan-106","/glossary","/glossary/[slug]","glossary","legacy-glossary","P1","2026-08-03","True","True","False",1,0,0,0,0,"","","","","","","UNRESOLVED","","","","",""
"https://www.mcpserver.in/glossary/mcp-web-scraper-77","/glossary/mcp-web-scraper-77","/glossary","/glossary/[slug]","glossary","legacy-glossary","P1","2026-08-03","True","True","False",1,0,0,0,0,"","","","","","","UNRESOLVED","","","","",""
"https://www.mcpserver.in/glossary/mcp-webhook-receiver-73","/glossary/mcp-webhook-receiver-73","/glossary","/glossary/[slug]","glossary","legacy-glossary","P1","2026-08-03","True","True","False",1,0,1,0,4,"","","","","","","UNRESOLVED","","","","",""
"https://www.mcpserver.in/glossary/mcp-websocket-server-86","/glossary/mcp-websocket-server-86","/glossary","/glossary/[slug]","glossary","legacy-glossary","P1","2026-08-03","True","True","False",1,0,0,0,0,"","","","","","","UNRESOLVED","","","","",""
"https://www.mcpserver.in/glossary/mcp-worker-pool-94","/glossary/mcp-worker-pool-94","/glossary","/glossary/[slug]","glossary","legacy-glossary","P1","2026-08-03","True","True","False",1,0,0,0,0,"","","","","","","UNRESOLVED","","","","",""
"https://www.mcpserver.in/glossary/mcp-workflow-engine-8","/glossary/mcp-workflow-engine-8","/glossary","/glossary/[slug]","glossary","legacy-glossary","P1","2026-08-03","True","True","False",1,0,0,0,0,"","","","","","","UNRESOLVED","","","","",""
"https://www.mcpserver.in/glossary/mcp-zed-editor","/glossary/mcp-zed-editor","/glossary","/glossary/[slug]","glossary","legacy-glossary","P1","2026-08-03","True","True","False",1,0,0,0,0,"","","","","","","UNRESOLVED","","","","",""
"https://www.mcpserver.in/glossary/milvus-mcp","/glossary/milvus-mcp","/glossary","/glossary/[slug]","glossary","legacy-glossary","P1","2026-08-03","True","True","False",1,0,0,0,0,"","","","","","","UNRESOLVED","","","","",""
"https://www.mcpserver.in/glossary/new-relic-mcp","/glossary/new-relic-mcp","/glossary","/glossary/[slug]","glossary","legacy-glossary","P1","2026-08-03","True","True","False",1,0,2,0,9.5,"","","","","","","UNRESOLVED","","","","",""
"https://www.mcpserver.in/glossary/oauth","/glossary/oauth","/glossary","/glossary/[slug]","glossary","legacy-glossary","P1","2026-08-03","True","True","False",1,0,0,0,0,"","","","","","","UNRESOLVED","","","","",""
"https://www.mcpserver.in/glossary/pinecone-mcp","/glossary/pinecone-mcp","/glossary","/glossary/[slug]","glossary","legacy-glossary","P1","2026-08-03","True","True","False",1,0,0,0,0,"","","","","","","UNRESOLVED","","","","",""
"https://www.mcpserver.in/glossary/prometheus-mcp","/glossary/prometheus-mcp","/glossary","/glossary/[slug]","glossary","legacy-glossary","P1","2026-08-03","True","True","False",1,0,0,0,0,"","","","","","","UNRESOLVED","","","","",""
"https://www.mcpserver.in/glossary/prompt-engineering","/glossary/prompt-engineering","/glossary","/glossary/[slug]","glossary","legacy-glossary","P1","2026-08-03","True","True","False",1,0,0,0,0,"","","","","","","UNRESOLVED","","","","",""
"https://www.mcpserver.in/glossary/qdrant-mcp","/glossary/qdrant-mcp","/glossary","/glossary/[slug]","glossary","legacy-glossary","P1","2026-07-21","True","True","True",2,0,0,0,0,"","","","","","","UNRESOLVED","","","","",""
"https://www.mcpserver.in/glossary/rag","/glossary/rag","/glossary","/glossary/[slug]","glossary","legacy-glossary","P1","2026-07-21","True","True","False",1,0,0,0,0,"","","","","","","UNRESOLVED","","","","",""
"https://www.mcpserver.in/glossary/react","/glossary/react","/glossary","/glossary/[slug]","glossary","legacy-glossary","P1","2026-08-03","True","True","False",1,0,0,0,0,"","","","","","","UNRESOLVED","","","","",""
"https://www.mcpserver.in/glossary/rlhf","/glossary/rlhf","/glossary","/glossary/[slug]","glossary","legacy-glossary","P1","2026-08-03","True","True","False",1,0,0,0,0,"","","","","","","UNRESOLVED","","","","",""
"https://www.mcpserver.in/glossary/ros","/glossary/ros","/glossary","/glossary/[slug]","glossary","legacy-glossary","P1","2026-08-03","True","True","False",1,0,0,0,0,"","","","","","","UNRESOLVED","","","","",""
"https://www.mcpserver.in/glossary/semantic-search","/glossary/semantic-search","/glossary","/glossary/[slug]","glossary","legacy-glossary","P1","2026-08-03","True","True","False",1,0,0,0,0,"","","","","","","UNRESOLVED","","","","",""
"https://www.mcpserver.in/glossary/simulation-mcp","/glossary/simulation-mcp","/glossary","/glossary/[slug]","glossary","legacy-glossary","P1","2026-08-08","True","True","True",2,0,0,0,0,"","","","","","","UNRESOLVED","","","","",""
"https://www.mcpserver.in/glossary/sla-monitoring","/glossary/sla-monitoring","/glossary","/glossary/[slug]","glossary","legacy-glossary","P1","2026-08-08","True","True","False",1,0,0,0,0,"","","","","","","UNRESOLVED","","","","",""
"https://www.mcpserver.in/glossary/snowflake-mcp","/glossary/snowflake-mcp","/glossary","/glossary/[slug]","glossary","legacy-glossary","P1","2026-08-03","True","True","True",2,0,0,0,0,"","","","","","","UNRESOLVED","","","","",""
"https://www.mcpserver.in/glossary/splunk-mcp","/glossary/splunk-mcp","/glossary","/glossary/[slug]","glossary","legacy-glossary","P1","2026-08-03","True","True","False",1,0,0,0,0,"","","","","","","UNRESOLVED","","","","",""
"https://www.mcpserver.in/glossary/stdio","/glossary/stdio","/glossary","/glossary/[slug]","glossary","legacy-glossary","P1","2026-08-03","True","True","True",2,0,1,0,11,"","","","","","","UNRESOLVED","","","","",""
"https://www.mcpserver.in/glossary/streamable-http","/glossary/streamable-http","/glossary","/glossary/[slug]","glossary","legacy-glossary","P1","2026-08-03","True","True","True",2,0,0,0,0,"","","","","","","UNRESOLVED","","","","",""
"https://www.mcpserver.in/glossary/supabase-mcp","/glossary/supabase-mcp","/glossary","/glossary/[slug]","glossary","legacy-glossary","P1","2026-08-03","True","True","False",1,0,0,0,0,"","","","","","","UNRESOLVED","","","","",""
"https://www.mcpserver.in/glossary/system-prompt","/glossary/system-prompt","/glossary","/glossary/[slug]","glossary","legacy-glossary","P1","2026-08-03","True","True","False",1,0,0,0,0,"","","","","","","UNRESOLVED","","","","",""
"https://www.mcpserver.in/glossary/temperature","/glossary/temperature","/glossary","/glossary/[slug]","glossary","legacy-glossary","P1","2026-08-03","True","True","False",1,0,0,0,0,"","","","","","","UNRESOLVED","","","","",""
"https://www.mcpserver.in/glossary/terraform-mcp","/glossary/terraform-mcp","/glossary","/glossary/[slug]","glossary","legacy-glossary","P1","2026-08-03","True","True","False",1,0,0,0,0,"","","","","","","UNRESOLVED","","","","",""
"https://www.mcpserver.in/glossary/tokenizer","/glossary/tokenizer","/glossary","/glossary/[slug]","glossary","legacy-glossary","P1","2026-08-03","True","True","False",1,0,0,0,0,"","","","","","","UNRESOLVED","","","","",""
"https://www.mcpserver.in/glossary/tool","/glossary/tool","/glossary","/glossary/[slug]","glossary","legacy-glossary","P1","2026-07-20","False","True","True",1,0,0,0,0,"","","","","","","UNRESOLVED","","","","",""
"https://www.mcpserver.in/glossary/tool-calling","/glossary/tool-calling","/glossary","/glossary/[slug]","glossary","legacy-glossary","P1","2026-08-03","True","True","False",1,0,0,0,0,"","","","","","","UNRESOLVED","","","","",""
"https://www.mcpserver.in/glossary/top-p-nucleus-sampling","/glossary/top-p-nucleus-sampling","/glossary","/glossary/[slug]","glossary","legacy-glossary","P1","2026-08-03","True","True","False",1,0,0,0,0,"","","","","","","UNRESOLVED","","","","",""
"https://www.mcpserver.in/glossary/vector-database","/glossary/vector-database","/glossary","/glossary/[slug]","glossary","legacy-glossary","P1","2026-08-09","True","True","False",1,0,0,0,0,"","","","","","","UNRESOLVED","","","","",""
"https://www.mcpserver.in/glossary/vision-language-model","/glossary/vision-language-model","/glossary","/glossary/[slug]","glossary","legacy-glossary","P1","2026-08-03","True","True","False",1,0,0,0,0,"","","","","","","UNRESOLVED","","","","",""
"https://www.mcpserver.in/glossary/weaviate-mcp","/glossary/weaviate-mcp","/glossary","/glossary/[slug]","glossary","legacy-glossary","P1","2026-08-03","True","True","False",1,0,0,0,0,"","","","","","","UNRESOLVED","","","","",""
"https://www.mcpserver.in/glossary/whisper","/glossary/whisper","/glossary","/glossary/[slug]","glossary","legacy-glossary","P1","2026-08-04","True","True","False",1,0,0,0,0,"","","","","","","UNRESOLVED","","","","",""
"https://www.mcpserver.in/hi","/hi","/hi","/404","unknown","unmapped","P3","2026-08-06","True","True","False",1,0,0,0,0,"","","","","","","UNRESOLVED","","","","",""
"https://www.mcpserver.in/hosting","/hosting","/hosting","/build/mcp-server","build","guide","P1","2026-08-15","True","True","False",1,0,0,0,0,"","","","","","","UNRESOLVED","","","","",""
"https://www.mcpserver.in/how-to-build-mcp-server","/how-to-build-mcp-server","/how-to-build-mcp-server","/build/mcp-server","build","guide","P1","2026-08-06","True","True","False",1,0,0,0,0,"","","","","","","UNRESOLVED","","","","",""
"https://www.mcpserver.in/integrations","/integrations","/integrations","/404","unknown","unmapped","P3","2026-08-18","True","True","False",2,0,8,0,60,"","","","","","","UNRESOLVED","","","","",""
"https://www.mcpserver.in/integrations/confluence-mcp-server","/integrations/confluence-mcp-server","/integrations","/integrations/[slug]","integrations","legacy-integrations","P2","2026-08-06","True","True","False",1,0,1,0,5,"","","","","","","UNRESOLVED","","","","",""
"https://www.mcpserver.in/integrations/figma-mcp-server","/integrations/figma-mcp-server","/integrations","/integrations/[slug]","integrations","legacy-integrations","P2","2026-08-06","True","True","False",1,0,0,0,0,"","","","","","","UNRESOLVED","","","","",""
"https://www.mcpserver.in/integrations/github-mcp-server","/integrations/github-mcp-server","/integrations","/integrations/[slug]","integrations","legacy-integrations","P2","2026-08-06","True","True","False",1,0,1,0,85,"","","","","","","UNRESOLVED","","","","",""
"https://www.mcpserver.in/integrations/gitlab-mcp-server","/integrations/gitlab-mcp-server","/integrations","/integrations/[slug]","integrations","legacy-integrations","P2","2026-08-06","True","True","False",1,0,0,0,0,"","","","","","","UNRESOLVED","","","","",""
"https://www.mcpserver.in/integrations/gmail-mcp-server","/integrations/gmail-mcp-server","/integrations","/integrations/[slug]","integrations","legacy-integrations","P2","2026-08-06","True","True","False",1,0,1,0,11,"","","","","","","UNRESOLVED","","","","",""
"https://www.mcpserver.in/integrations/google-drive-mcp-server","/integrations/google-drive-mcp-server","/integrations","/integrations/[slug]","integrations","legacy-integrations","P2","2026-08-06","True","True","False",1,0,1,0,10,"","","","","","","UNRESOLVED","","","","",""
"https://www.mcpserver.in/integrations/hubspot-mcp-server","/integrations/hubspot-mcp-server","/integrations","/integrations/[slug]","integrations","legacy-integrations","P2","2026-08-06","True","True","False",1,0,1,0,9,"","","","","","","UNRESOLVED","","","","",""
"https://www.mcpserver.in/integrations/linear-mcp-server","/integrations/linear-mcp-server","/integrations","/integrations/[slug]","integrations","legacy-integrations","P2","2026-08-06","True","True","False",1,0,0,0,0,"","","","","","","UNRESOLVED","","","","",""
"https://www.mcpserver.in/integrations/n8n-mcp-server","/integrations/n8n-mcp-server","/integrations","/integrations/[slug]","integrations","legacy-integrations","P2","2026-08-06","True","True","False",1,0,1,0,53,"","","","","","","UNRESOLVED","","","","",""
"https://www.mcpserver.in/integrations/notion-mcp-server","/integrations/notion-mcp-server","/integrations","/integrations/[slug]","integrations","legacy-integrations","P2","2026-08-06","True","True","False",1,0,0,0,0,"","","","","","","UNRESOLVED","","","","",""
"https://www.mcpserver.in/integrations/salesforce-mcp-server","/integrations/salesforce-mcp-server","/integrations","/integrations/[slug]","integrations","legacy-integrations","P2","2026-08-06","True","True","False",1,0,1,0,7,"","","","","","","UNRESOLVED","","","","",""
"https://www.mcpserver.in/integrations/sentry-mcp-server","/integrations/sentry-mcp-server","/integrations","/integrations/[slug]","integrations","legacy-integrations","P2","2026-08-06","True","True","False",1,0,0,0,0,"","","","","","","UNRESOLVED","","","","",""
"https://www.mcpserver.in/integrations/shopify-mcp-server","/integrations/shopify-mcp-server","/integrations","/integrations/[slug]","integrations","legacy-integrations","P2","2026-08-06","True","True","False",1,0,0,0,0,"","","","","","","UNRESOLVED","","","","",""
"https://www.mcpserver.in/integrations/wordpress-mcp-server","/integrations/wordpress-mcp-server","/integrations","/integrations/[slug]","integrations","legacy-integrations","P2","2026-08-06","True","True","False",1,0,0,0,0,"","","","","","","UNRESOLVED","","","","",""
"https://www.mcpserver.in/learn","/learn","/learn","/learn","learn","aggregate","P0","2026-08-03","True","True","False",1,0,2,0,51,"","","","","","","UNRESOLVED","","","","",""
"https://www.mcpserver.in/learn/dpdp-compliance-guide","/learn/dpdp-compliance-guide","/learn","/learn/[slug]","learn","legacy-learn","P1","2026-08-03","False","True","True",1,0,0,0,0,"","","","","","","UNRESOLVED","","","","",""
"https://www.mcpserver.in/learn/india-mcp-benchmarks","/learn/india-mcp-benchmarks","/learn","/learn/[slug]","learn","legacy-learn","P1","2026-08-03","False","True","True",1,0,0,0,0,"","","","","","","UNRESOLVED","","","","",""
"https://www.mcpserver.in/learn/indic-nlp-guide","/learn/indic-nlp-guide","/learn","/learn/[slug]","learn","legacy-learn","P1","2026-07-21","False","True","True",1,0,10,0,27.9,"","","","","","","UNRESOLVED","","","","",""
"https://www.mcpserver.in/learn/mcp-production-deployment","/learn/mcp-production-deployment","/learn","/learn/[slug]","learn","legacy-learn","P1","2026-08-03","False","True","True",1,0,1,0,10,"","","","","","","UNRESOLVED","","","","",""
"https://www.mcpserver.in/mcp-claude","/mcp-claude","/mcp-claude","/clients/claude-desktop","clients","guide","P1","2026-08-03","True","True","False",1,0,0,0,0,"","","","","","","UNRESOLVED","","","","",""
"https://www.mcpserver.in/mcp-host","/mcp-host","/mcp-host","/learn/mcp-architecture","learn","pillar","P0","2026-08-06","True","True","False",1,0,0,0,0,"","","","","","","UNRESOLVED","","","","",""
"https://www.mcpserver.in/mcp-industry-government-education","/mcp-industry-government-education","/mcp-industry-government-education","/guides/enterprise-mcp","guides","guide","P1","2026-07-20","False","True","True",1,0,0,0,0,"","","","","","","UNRESOLVED","","","","",""
"https://www.mcpserver.in/mcp-installation","/mcp-installation","/mcp-installation","/build/mcp-server","build","guide","P1","2026-08-03","True","True","True",2,0,0,0,0,"","","","","","","UNRESOLVED","","","","",""
"https://www.mcpserver.in/mcp-sentiment-analysis","/mcp-sentiment-analysis","/mcp-sentiment-analysis","/guides/mcp-search-research","guides","guide","P1","2026-08-03","True","True","False",1,0,0,0,0,"","","","","","","UNRESOLVED","","","","",""
"https://www.mcpserver.in/mcp-server","/mcp-server","/mcp-server","/learn/mcp-server","learn","pillar","P0","2026-07-22","True","True","False",1,0,2,0,30.5,"","","","","","","UNRESOLVED","","","","",""
"https://www.mcpserver.in/mcp-server-directory","/mcp-server-directory","/mcp-server-directory","/servers","servers","aggregate","P0","2026-08-09","True","True","False",1,0,0,0,0,"","","","","","","UNRESOLVED","","","","",""
"https://www.mcpserver.in/mcp-server-hosting","/mcp-server-hosting","/mcp-server-hosting","/build/mcp-server","build","guide","P1","2026-08-06","True","True","False",1,0,0,0,0,"","","","","","","UNRESOLVED","","","","",""
"https://www.mcpserver.in/mcp-tools","/mcp-tools","/mcp-tools","/learn/mcp-tools","learn","pillar","P0","2026-08-03","True","True","False",1,0,0,0,0,"","","","","","","UNRESOLVED","","","","",""
"https://www.mcpserver.in/p99","/p99","/p99","/guides/state-of-mcp","guides","guide","P1","2026-08-04","True","True","False",1,0,0,0,0,"","","","","","","UNRESOLVED","","","","",""
"https://www.mcpserver.in/privacy","/privacy","/privacy","/privacy","unknown","unmapped","P3","2026-07-24","True","True","False",1,0,0,0,0,"","","","","","","UNRESOLVED","","","","",""
"https://www.mcpserver.in/research/mcp-directories","/research/mcp-directories","/research","/404","unknown","unmapped","P3","2026-08-14","True","True","False",1,0,0,0,0,"","","","","","","UNRESOLVED","","","","",""
"https://www.mcpserver.in/sdk/go","/sdk/go","/sdk","/build/[slug]","build","legacy-build","P2","2026-08-06","True","True","False",1,0,0,0,0,"","","","","","","UNRESOLVED","","","","",""
"https://www.mcpserver.in/sdk/java","/sdk/java","/sdk","/build/[slug]","build","legacy-build","P2","2026-08-06","True","True","False",1,0,8,0,24.25,"","","","","","","UNRESOLVED","","","","",""
"https://www.mcpserver.in/sdk/python","/sdk/python","/sdk","/build/[slug]","build","legacy-build","P2","2026-08-06","True","True","False",1,0,1,0,9,"","","","","","","UNRESOLVED","","","","",""
"https://www.mcpserver.in/sdk/typescript","/sdk/typescript","/sdk","/build/[slug]","build","legacy-build","P2","2026-08-06","True","True","False",1,0,11,0,34.09,"","","","","","","UNRESOLVED","","","","",""
"https://www.mcpserver.in/security","/security","/security","/security","security","aggregate","P0","2026-07-24","True","True","False",1,0,0,0,0,"","","","","","","UNRESOLVED","","","","",""
"https://www.mcpserver.in/security/api-keys","/security/api-keys","/security","/security/[slug]","security","legacy-security","P1","2026-08-06","True","True","False",1,0,0,0,0,"","","","","","","UNRESOLVED","","","","",""
"https://www.mcpserver.in/security/audit-logging","/security/audit-logging","/security","/security/[slug]","security","legacy-security","P1","2026-08-06","True","True","False",1,0,0,0,0,"","","","","","","UNRESOLVED","","","","",""
"https://www.mcpserver.in/security/authentication","/security/authentication","/security","/security/authentication","security","pillar","P0","2026-08-06","True","True","False",1,0,0,0,0,"","","","","","","UNRESOLVED","","","","",""
"https://www.mcpserver.in/security/authorization","/security/authorization","/security","/security/[slug]","security","legacy-security","P1","2026-08-06","True","True","False",1,0,0,0,0,"","","","","","","UNRESOLVED","","","","",""
"https://www.mcpserver.in/security/oauth","/security/oauth","/security","/security/[slug]","security","legacy-security","P1","2026-08-06","True","True","False",1,0,0,0,0,"","","","","","","UNRESOLVED","","","","",""
"https://www.mcpserver.in/security/tool-poisoning","/security/tool-poisoning","/security","/security/[slug]","security","legacy-security","P1","2026-08-06","True","True","False",1,0,0,0,0,"","","","","","","UNRESOLVED","","","","",""
"https://www.mcpserver.in/servers/asana-mcp-server","/servers/asana-mcp-server","/servers","/servers/[slug]","servers","legacy-server","P1","2026-08-05","True","True","False",1,0,1,0,10,"","","","","","","UNRESOLVED","","","","",""
"https://www.mcpserver.in/servers/azure-mcp-server","/servers/azure-mcp-server","/servers","/servers/[slug]","servers","legacy-server","P1","2026-08-03","True","True","False",1,0,1,0,9,"","","","","","","UNRESOLVED","","","","",""
"https://www.mcpserver.in/servers/bitbucket-mcp-server","/servers/bitbucket-mcp-server","/servers","/servers/[slug]","servers","legacy-server","P1","2026-08-03","True","True","False",1,0,0,0,0,"","","","","","","UNRESOLVED","","","","",""
"https://www.mcpserver.in/servers/digitalocean-mcp-server","/servers/digitalocean-mcp-server","/servers","/servers/[slug]","servers","legacy-server","P1","2026-08-06","True","True","False",1,0,0,0,0,"","","","","","","UNRESOLVED","","","","",""
"https://www.mcpserver.in/servers/discord-mcp-server","/servers/discord-mcp-server","/servers","/servers/[slug]","servers","legacy-server","P1","2026-08-03","True","True","False",1,0,1,0,29,"","","","","","","UNRESOLVED","","","","",""
"https://www.mcpserver.in/servers/docker-mcp-server","/servers/docker-mcp-server","/servers","/servers/[slug]","servers","legacy-server","P1","2026-08-03","True","True","False",1,0,0,0,0,"","","","","","","UNRESOLVED","","","","",""
"https://www.mcpserver.in/servers/elasticsearch-mcp-server","/servers/elasticsearch-mcp-server","/servers","/servers/[slug]","servers","legacy-server","P1","2026-08-03","True","True","False",1,0,0,0,0,"","","","","","","UNRESOLVED","","","","",""
"https://www.mcpserver.in/servers/figma-mcp-server","/servers/figma-mcp-server","/servers","/servers/[slug]","servers","legacy-server","P1","2026-08-03","True","True","False",1,0,0,0,0,"","","","","","","UNRESOLVED","","","","",""
"https://www.mcpserver.in/servers/gitbook-mcp-server","/servers/gitbook-mcp-server","/servers","/servers/[slug]","servers","legacy-server","P1","2026-08-10","True","True","True",2,0,1,0,8,"","","","","","","UNRESOLVED","","","","",""
"https://www.mcpserver.in/servers/github-mcp-server","/servers/github-mcp-server","/servers","/servers/[slug]","servers","legacy-server","P1","2026-08-03","True","True","False",1,0,0,0,0,"","","","","","","UNRESOLVED","","","","",""
"https://www.mcpserver.in/servers/google-calendar-mcp-server","/servers/google-calendar-mcp-server","/servers","/servers/[slug]","servers","legacy-server","P1","2026-08-05","True","True","False",1,0,3,0,9.67,"","","","","","","UNRESOLVED","","","","",""
"https://www.mcpserver.in/servers/google-cloud-mcp-server","/servers/google-cloud-mcp-server","/servers","/servers/[slug]","servers","legacy-server","P1","2026-08-03","True","True","False",1,0,0,0,0,"","","","","","","UNRESOLVED","","","","",""
"https://www.mcpserver.in/servers/google-docs-mcp-server","/servers/google-docs-mcp-server","/servers","/servers/[slug]","servers","legacy-server","P1","2026-07-20","False","True","True",1,0,0,0,0,"","","","","","","UNRESOLVED","","","","",""
"https://www.mcpserver.in/servers/google-drive-mcp-server","/servers/google-drive-mcp-server","/servers","/servers/[slug]","servers","legacy-server","P1","2026-08-03","True","True","False",1,0,0,0,0,"","","","","","","UNRESOLVED","","","","",""
"https://www.mcpserver.in/servers/google-gemini-mcp-server","/servers/google-gemini-mcp-server","/servers","/servers/[slug]","servers","legacy-server","P1","2026-08-05","True","True","False",1,0,1,0,6,"","","","","","","UNRESOLVED","","","","",""
"https://www.mcpserver.in/servers/grafana-mcp-server","/servers/grafana-mcp-server","/servers","/servers/[slug]","servers","legacy-server","P1","2026-08-06","True","True","False",1,0,0,0,0,"","","","","","","UNRESOLVED","","","","",""
"https://www.mcpserver.in/servers/jenkins-mcp-server","/servers/jenkins-mcp-server","/servers","/servers/[slug]","servers","legacy-server","P1","2026-08-10","True","True","False",1,0,0,0,0,"","","","","","","UNRESOLVED","","","","",""
"https://www.mcpserver.in/servers/jira-mcp-server","/servers/jira-mcp-server","/servers","/servers/[slug]","servers","legacy-server","P1","2026-08-04","True","True","False",1,0,0,0,0,"","","","","","","UNRESOLVED","","","","",""
"https://www.mcpserver.in/servers/mistral-mcp-server","/servers/mistral-mcp-server","/servers","/servers/[slug]","servers","legacy-server","P1","2026-08-12","True","True","False",1,0,0,0,0,"","","","","","","UNRESOLVED","","","","",""
"https://www.mcpserver.in/servers/newrelic-mcp-server","/servers/newrelic-mcp-server","/servers","/servers/[slug]","servers","legacy-server","P1","2026-08-05","True","True","False",1,0,0,0,0,"","","","","","","UNRESOLVED","","","","",""
"https://www.mcpserver.in/servers/notion-mcp-server","/servers/notion-mcp-server","/servers","/servers/[slug]","servers","legacy-server","P1","2026-08-03","True","True","False",1,0,0,0,0,"","","","","","","UNRESOLVED","","","","",""
"https://www.mcpserver.in/servers/pinecone-mcp-server","/servers/pinecone-mcp-server","/servers","/servers/[slug]","servers","legacy-server","P1","2026-08-07","True","True","False",1,0,0,0,0,"","","","","","","UNRESOLVED","","","","",""
"https://www.mcpserver.in/servers/postgres-mcp-server","/servers/postgres-mcp-server","/servers","/servers/[slug]","servers","legacy-server","P1","2026-08-04","True","True","False",1,0,0,0,0,"","","","","","","UNRESOLVED","","","","",""
"https://www.mcpserver.in/servers/razorpay-mcp-server","/servers/razorpay-mcp-server","/servers","/servers/[slug]","servers","legacy-server","P1","2026-08-05","True","True","False",1,0,0,0,0,"","","","","","","UNRESOLVED","","","","",""
"https://www.mcpserver.in/servers/redis-mcp-server","/servers/redis-mcp-server","/servers","/servers/[slug]","servers","legacy-server","P1","2026-08-05","True","True","False",1,0,0,0,0,"","","","","","","UNRESOLVED","","","","",""
"https://www.mcpserver.in/servers/slack-mcp-server","/servers/slack-mcp-server","/servers","/servers/[slug]","servers","legacy-server","P1","2026-08-03","True","True","False",1,0,0,0,0,"","","","","","","UNRESOLVED","","","","",""
"https://www.mcpserver.in/servers/sqlite-mcp-server","/servers/sqlite-mcp-server","/servers","/servers/[slug]","servers","legacy-server","P1","2026-08-03","True","True","False",1,0,0,0,0,"","","","","","","UNRESOLVED","","","","",""
"https://www.mcpserver.in/servers/supabase-mcp-server","/servers/supabase-mcp-server","/servers","/servers/[slug]","servers","legacy-server","P1","2026-08-03","True","True","True",2,0,0,0,0,"","","","","","","UNRESOLVED","","","","",""
"https://www.mcpserver.in/servers/swagger-mcp-server","/servers/swagger-mcp-server","/servers","/servers/[slug]","servers","legacy-server","P1","2026-08-03","True","True","False",1,0,0,0,0,"","","","","","","UNRESOLVED","","","","",""
"https://www.mcpserver.in/state-of-mcp","/state-of-mcp","/state-of-mcp","/guides/state-of-mcp","guides","guide","P1","2026-08-15","True","True","False",2,0,2,0,18,"","","","","","","UNRESOLVED","","","","",""
"https://www.mcpserver.in/terms","/terms","/terms","/terms","unknown","unmapped","P3","2026-08-18","True","True","False",2,0,0,0,0,"","","","","","","UNRESOLVED","","","","",""
"https://www.mcpserver.in/tools/mcp-config-validator","/tools/mcp-config-validator","/tools","/build/[slug]","build","legacy-build","P2","2026-08-03","True","True","False",1,0,0,0,0,"","","","","","","UNRESOLVED","","","","",""
"https://www.mcpserver.in/tools/mcp-sdk-workbench","/tools/mcp-sdk-workbench","/tools","/build/[slug]","build","legacy-build","P2","2026-08-06","True","True","False",1,0,0,0,0,"","","","","","","UNRESOLVED","","","","",""
"https://www.mcpserver.in/topics/azure-mcp-hosting","/topics/azure-mcp-hosting","/topics","/404","unknown","unmapped","P3","2026-07-21","True","True","False",1,0,0,0,0,"","","","","","","UNRESOLVED","","","","",""
"https://www.mcpserver.in/troubleshooting/claude-desktop-mcp-not-working","/troubleshooting/claude-desktop-mcp-not-working","/troubleshooting","/guides/[slug]","guides","legacy-guide","P1","2026-08-06","True","True","False",1,0,56,0,25.2,"","","","","","","UNRESOLVED","","","","",""
"https://www.mcpserver.in/troubleshooting/cursor-mcp-not-working","/troubleshooting/cursor-mcp-not-working","/troubleshooting","/guides/[slug]","guides","legacy-guide","P1","2026-08-06","True","True","False",1,0,1,0,5,"","","","","","","UNRESOLVED","","","","",""
"https://www.mcpserver.in/troubleshooting/mcp-authentication-failed","/troubleshooting/mcp-authentication-failed","/troubleshooting","/guides/[slug]","guides","legacy-guide","P1","2026-08-06","True","True","False",1,0,0,0,0,"","","","","","","UNRESOLVED","","","","",""
"https://www.mcpserver.in/troubleshooting/mcp-server-timeout","/troubleshooting/mcp-server-timeout","/troubleshooting","/guides/[slug]","guides","legacy-guide","P1","2026-08-06","True","True","False",1,0,1,0,1,"","","","","","","UNRESOLVED","","","","",""
"https://www.mcpserver.in/troubleshooting/mcp-stdio-error","/troubleshooting/mcp-stdio-error","/troubleshooting","/guides/[slug]","guides","legacy-guide","P1","2026-08-06","True","True","False",1,0,0,0,0,"","","","","","","UNRESOLVED","","","","",""
"https://www.mcpserver.in/troubleshooting/mcp-tools-not-appearing","/troubleshooting/mcp-tools-not-appearing","/troubleshooting","/guides/[slug]","guides","legacy-guide","P1","2026-08-07","True","True","False",1,0,0,0,0,"","","","","","","UNRESOLVED","","","","",""
"https://www.mcpserver.in/what-is-mcp","/what-is-mcp","/what-is-mcp","/learn/model-context-protocol","learn","pillar","P0","2026-08-03","True","True","False",1,0,1,0,8,"","","","","","","UNRESOLVED","","","","",""